SibSp,Parch,Fare,Adj Age,Age2,Fare2,Pclass_1,Pclass_2,Pclass_3,Sex_female,Sex_male
1.0,0.0,7.25,22.0,484.0,52.5625,0.0,0.0,1.0,0.0,1.0
1.0,0.0,71.2833,38.0,1444.0,5081.30885889,1.0,0.0,0.0,1.0,0.0
0.0,0.0,7.925,26.0,676.0,62.805625,0.0,0.0,1.0,1.0,0.0
1.0,0.0,53.1,35.0,1225.0,2819.61,1.0,0.0,0.0,1.0,0.0
0.0,0.0,8.05,35.0,1225.0,64.80250000000001,0.0,0.0,1.0,0.0,1.0
0.0,0.0,8.4583,32.409774,1050.393450731076,71.54283888999998,0.0,0.0,1.0,0.0,1.0
0.0,0.0,51.8625,54.0,2916.0,2689.7189062499997,1.0,0.0,0.0,0.0,1.0
3.0,1.0,21.075,2.0,4.0,444.155625,0.0,0.0,1.0,0.0,1.0
0.0,2.0,11.1333,27.0,729.0,123.95036889000001,0.0,0.0,1.0,1.0,0.0
1.0,0.0,30.0708,14.0,196.0,904.25301264,0.0,1.0,0.0,1.0,0.0
1.0,1.0,16.7,4.0,16.0,278.89,0.0,0.0,1.0,1.0,0.0
0.0,0.0,26.55,58.0,3364.0,704.9025,1.0,0.0,0.0,1.0,0.0
0.0,0.0,8.05,20.0,400.0,64.80250000000001,0.0,0.0,1.0,0.0,1.0
1.0,5.0,31.275,39.0,1521.0,978.1256249999999,0.0,0.0,1.0,0.0,1.0
0.0,0.0,7.8542,14.0,196.0,61.688457639999996,0.0,0.0,1.0,1.0,0.0
0.0,0.0,16.0,55.0,3025.0,256.0,0.0,1.0,0.0,1.0,0.0
4.0,1.0,29.125,2.0,4.0,848.265625,0.0,0.0,1.0,0.0,1.0
0.0,0.0,13.0,32.409774,1050.393450731076,169.0,0.0,1.0,0.0,0.0,1.0
1.0,0.0,18.0,31.0,961.0,324.0,0.0,0.0,1.0,1.0,0.0
0.0,0.0,7.225,35.9,1288.81,52.200624999999995,0.0,0.0,1.0,1.0,0.0
0.0,0.0,26.0,35.0,1225.0,676.0,0.0,1.0,0.0,0.0,1.0
0.0,0.0,13.0,34.0,1156.0,169.0,0.0,1.0,0.0,0.0,1.0
0.0,0.0,8.0292,15.0,225.0,64.46805264,0.0,0.0,1.0,1.0,0.0
0.0,0.0,35.5,28.0,784.0,1260.25,1.0,0.0,0.0,0.0,1.0
3.0,1.0,21.075,8.0,64.0,444.155625,0.0,0.0,1.0,1.0,0.0
1.0,5.0,31.3875,38.0,1444.0,985.17515625,0.0,0.0,1.0,1.0,0.0
0.0,0.0,7.225,32.409774,1050.393450731076,52.200624999999995,0.0,0.0,1.0,0.0,1.0
3.0,2.0,263.0,19.0,361.0,69169.0,1.0,0.0,0.0,0.0,1.0
0.0,0.0,7.8792,21.773973,474.1059002047291,62.081792639999996,0.0,0.0,1.0,1.0,0.0
0.0,0.0,7.8958,32.409774,1050.393450731076,62.34365764,0.0,0.0,1.0,0.0,1.0
0.0,0.0,27.7208,40.0,1600.0,768.44275264,1.0,0.0,0.0,0.0,1.0
1.0,0.0,146.5208,35.9,1288.81,21468.344832640003,1.0,0.0,0.0,1.0,0.0
0.0,0.0,7.75,21.773973,474.1059002047291,60.0625,0.0,0.0,1.0,1.0,0.0
0.0,0.0,10.5,66.0,4356.0,110.25,0.0,1.0,0.0,0.0,1.0
1.0,0.0,82.1708,28.0,784.0,6752.04037264,1.0,0.0,0.0,0.0,1.0
1.0,0.0,52.0,42.0,1764.0,2704.0,1.0,0.0,0.0,0.0,1.0
0.0,0.0,7.2292,32.409774,1050.393450731076,52.26133263999999,0.0,0.0,1.0,0.0,1.0
0.0,0.0,8.05,21.0,441.0,64.80250000000001,0.0,0.0,1.0,0.0,1.0
2.0,0.0,18.0,18.0,324.0,324.0,0.0,0.0,1.0,1.0,0.0
1.0,0.0,11.2417,14.0,196.0,126.37581888999999,0.0,0.0,1.0,1.0,0.0
1.0,0.0,9.475,40.0,1600.0,89.77562499999999,0.0,0.0,1.0,1.0,0.0
1.0,0.0,21.0,27.0,729.0,441.0,0.0,1.0,0.0,1.0,0.0
0.0,0.0,7.8958,32.409774,1050.393450731076,62.34365764,0.0,0.0,1.0,0.0,1.0
1.0,2.0,41.5792,3.0,9.0,1728.82987264,0.0,1.0,0.0,1.0,0.0
0.0,0.0,7.8792,19.0,361.0,62.081792639999996,0.0,0.0,1.0,1.0,0.0
0.0,0.0,8.05,32.409774,1050.393450731076,64.80250000000001,0.0,0.0,1.0,0.0,1.0
1.0,0.0,15.5,32.409774,1050.393450731076,240.25,0.0,0.0,1.0,0.0,1.0
0.0,0.0,7.75,21.773973,474.1059002047291,60.0625,0.0,0.0,1.0,1.0,0.0
2.0,0.0,21.6792,32.409774,1050.393450731076,469.98771264000004,0.0,0.0,1.0,0.0,1.0
1.0,0.0,17.8,18.0,324.0,316.84000000000003,0.0,0.0,1.0,1.0,0.0
4.0,1.0,39.6875,7.0,49.0,1575.09765625,0.0,0.0,1.0,0.0,1.0
0.0,0.0,7.8,21.0,441.0,60.839999999999996,0.0,0.0,1.0,0.0,1.0
1.0,0.0,76.7292,49.0,2401.0,5887.3701326400005,1.0,0.0,0.0,1.0,0.0
1.0,0.0,26.0,29.0,841.0,676.0,0.0,1.0,0.0,1.0,0.0
0.0,1.0,61.9792,65.0,4225.0,3841.4212326399997,1.0,0.0,0.0,0.0,1.0
0.0,0.0,35.5,32.409774,1050.393450731076,1260.25,1.0,0.0,0.0,0.0,1.0
0.0,0.0,10.5,21.0,441.0,110.25,0.0,1.0,0.0,1.0,0.0
0.0,0.0,7.2292,28.5,812.25,52.26133263999999,0.0,0.0,1.0,0.0,1.0
1.0,2.0,27.75,5.0,25.0,770.0625,0.0,1.0,0.0,1.0,0.0
5.0,2.0,46.9,11.0,121.0,2199.6099999999997,0.0,0.0,1.0,0.0,1.0
0.0,0.0,7.2292,22.0,484.0,52.26133263999999,0.0,0.0,1.0,0.0,1.0
0.0,0.0,80.0,38.0,1444.0,6400.0,1.0,0.0,0.0,1.0,0.0
1.0,0.0,83.475,45.0,2025.0,6968.0756249999995,1.0,0.0,0.0,0.0,1.0
3.0,2.0,27.9,4.0,16.0,778.41,0.0,0.0,1.0,0.0,1.0
0.0,0.0,27.7208,32.409774,1050.393450731076,768.44275264,1.0,0.0,0.0,0.0,1.0
1.0,1.0,15.2458,4.574167,20.923003743889,232.43441763999996,0.0,0.0,1.0,0.0,1.0
0.0,0.0,10.5,29.0,841.0,110.25,0.0,1.0,0.0,1.0,0.0
0.0,0.0,8.1583,19.0,361.0,66.55785889,0.0,0.0,1.0,0.0,1.0
4.0,2.0,7.925,17.0,289.0,62.805625,0.0,0.0,1.0,1.0,0.0
2.0,0.0,8.6625,26.0,676.0,75.03890625,0.0,0.0,1.0,0.0,1.0
0.0,0.0,10.5,32.0,1024.0,110.25,0.0,1.0,0.0,0.0,1.0
5.0,2.0,46.9,16.0,256.0,2199.6099999999997,0.0,0.0,1.0,1.0,0.0
0.0,0.0,73.5,21.0,441.0,5402.25,0.0,1.0,0.0,0.0,1.0
1.0,0.0,14.4542,26.0,676.0,208.92389764,0.0,0.0,1.0,0.0,1.0
0.0,0.0,56.4958,32.0,1024.0,3191.7754176400003,0.0,0.0,1.0,0.0,1.0
0.0,0.0,7.65,25.0,625.0,58.52250000000001,0.0,0.0,1.0,0.0,1.0
0.0,0.0,7.8958,32.409774,1050.393450731076,62.34365764,0.0,0.0,1.0,0.0,1.0
0.0,0.0,8.05,32.409774,1050.393450731076,64.80250000000001,0.0,0.0,1.0,0.0,1.0
0.0,2.0,29.0,0.83,0.6889,841.0,0.0,1.0,0.0,0.0,1.0
0.0,0.0,12.475,30.0,900.0,155.62562499999999,0.0,0.0,1.0,1.0,0.0
0.0,0.0,9.0,22.0,484.0,81.0,0.0,0.0,1.0,0.0,1.0
0.0,0.0,9.5,29.0,841.0,90.25,0.0,0.0,1.0,0.0,1.0
0.0,0.0,7.7875,21.773973,474.1059002047291,60.64515624999999,0.0,0.0,1.0,1.0,0.0
0.0,0.0,47.1,28.0,784.0,2218.4100000000003,1.0,0.0,0.0,0.0,1.0
0.0,0.0,10.5,17.0,289.0,110.25,0.0,1.0,0.0,1.0,0.0
3.0,0.0,15.85,33.0,1089.0,251.2225,0.0,0.0,1.0,1.0,0.0
1.0,3.0,34.375,16.0,256.0,1181.640625,0.0,0.0,1.0,0.0,1.0
0.0,0.0,8.05,32.409774,1050.393450731076,64.80250000000001,0.0,0.0,1.0,0.0,1.0
3.0,2.0,263.0,23.0,529.0,69169.0,1.0,0.0,0.0,1.0,0.0
0.0,0.0,8.05,24.0,576.0,64.80250000000001,0.0,0.0,1.0,0.0,1.0
0.0,0.0,8.05,29.0,841.0,64.80250000000001,0.0,0.0,1.0,0.0,1.0
0.0,0.0,7.8542,20.0,400.0,61.688457639999996,0.0,0.0,1.0,0.0,1.0
1.0,0.0,61.175,46.0,2116.0,3742.380625,1.0,0.0,0.0,0.0,1.0
1.0,2.0,20.575,26.0,676.0,423.330625,0.0,0.0,1.0,0.0,1.0
0.0,0.0,7.25,59.0,3481.0,52.5625,0.0,0.0,1.0,0.0,1.0
0.0,0.0,8.05,32.409774,1050.393450731076,64.80250000000001,0.0,0.0,1.0,0.0,1.0
0.0,0.0,34.6542,71.0,5041.0,1200.9135776400003,1.0,0.0,0.0,0.0,1.0
0.0,1.0,63.3583,23.0,529.0,4014.27417889,1.0,0.0,0.0,0.0,1.0
0.0,1.0,23.0,34.0,1156.0,529.0,0.0,1.0,0.0,1.0,0.0
1.0,0.0,26.0,34.0,1156.0,676.0,0.0,1.0,0.0,0.0,1.0
0.0,0.0,7.8958,28.0,784.0,62.34365764,0.0,0.0,1.0,1.0,0.0
0.0,0.0,7.8958,32.409774,1050.393450731076,62.34365764,0.0,0.0,1.0,0.0,1.0
0.0,1.0,77.2875,21.0,441.0,5973.357656249999,1.0,0.0,0.0,0.0,1.0
0.0,0.0,8.6542,33.0,1089.0,74.89517763999999,0.0,0.0,1.0,0.0,1.0
2.0,0.0,7.925,37.0,1369.0,62.805625,0.0,0.0,1.0,0.0,1.0
0.0,0.0,7.8958,28.0,784.0,62.34365764,0.0,0.0,1.0,0.0,1.0
0.0,0.0,7.65,21.0,441.0,58.52250000000001,0.0,0.0,1.0,1.0,0.0
0.0,0.0,7.775,32.409774,1050.393450731076,60.450625,0.0,0.0,1.0,0.0,1.0
0.0,0.0,7.8958,38.0,1444.0,62.34365764,0.0,0.0,1.0,0.0,1.0
1.0,0.0,24.15,21.773973,474.1059002047291,583.2225,0.0,0.0,1.0,1.0,0.0
0.0,0.0,52.0,47.0,2209.0,2704.0,1.0,0.0,0.0,0.0,1.0
1.0,0.0,14.4542,14.5,210.25,208.92389764,0.0,0.0,1.0,1.0,0.0
0.0,0.0,8.05,22.0,484.0,64.80250000000001,0.0,0.0,1.0,0.0,1.0
1.0,0.0,9.825,20.0,400.0,96.53062499999999,0.0,0.0,1.0,1.0,0.0
0.0,0.0,14.4583,17.0,289.0,209.04243888999997,0.0,0.0,1.0,1.0,0.0
0.0,0.0,7.925,21.0,441.0,62.805625,0.0,0.0,1.0,0.0,1.0
0.0,0.0,7.75,70.5,4970.25,60.0625,0.0,0.0,1.0,0.0,1.0
1.0,0.0,21.0,29.0,841.0,441.0,0.0,1.0,0.0,0.0,1.0
0.0,1.0,247.5208,24.0,576.0,61266.54643264,1.0,0.0,0.0,0.0,1.0
4.0,2.0,31.275,2.0,4.0,978.1256249999999,0.0,0.0,1.0,1.0,0.0
2.0,0.0,73.5,21.0,441.0,5402.25,0.0,1.0,0.0,0.0,1.0
0.0,0.0,8.05,32.409774,1050.393450731076,64.80250000000001,0.0,0.0,1.0,0.0,1.0
1.0,0.0,30.0708,32.5,1056.25,904.25301264,0.0,1.0,0.0,0.0,1.0
0.0,0.0,13.0,32.5,1056.25,169.0,0.0,1.0,0.0,1.0,0.0
0.0,1.0,77.2875,54.0,2916.0,5973.357656249999,1.0,0.0,0.0,0.0,1.0
1.0,0.0,11.2417,12.0,144.0,126.37581888999999,0.0,0.0,1.0,0.0,1.0
0.0,0.0,7.75,32.409774,1050.393450731076,60.0625,0.0,0.0,1.0,0.0,1.0
0.0,0.0,7.1417,24.0,576.0,51.00387889,0.0,0.0,1.0,0.0,1.0
1.0,1.0,22.3583,21.773973,474.1059002047291,499.89357889,0.0,0.0,1.0,1.0,0.0
0.0,0.0,6.975,45.0,2025.0,48.650625,0.0,0.0,1.0,0.0,1.0
0.0,0.0,7.8958,33.0,1089.0,62.34365764,0.0,0.0,1.0,0.0,1.0
0.0,0.0,7.05,20.0,400.0,49.7025,0.0,0.0,1.0,0.0,1.0
1.0,0.0,14.5,47.0,2209.0,210.25,0.0,0.0,1.0,1.0,0.0
1.0,0.0,26.0,29.0,841.0,676.0,0.0,1.0,0.0,1.0,0.0
0.0,0.0,13.0,25.0,625.0,169.0,0.0,1.0,0.0,0.0,1.0
0.0,0.0,15.0458,23.0,529.0,226.37609763999998,0.0,1.0,0.0,0.0,1.0
0.0,2.0,26.2833,19.0,361.0,690.81185889,1.0,0.0,0.0,1.0,0.0
1.0,0.0,53.1,37.0,1369.0,2819.61,1.0,0.0,0.0,0.0,1.0
0.0,0.0,9.2167,16.0,256.0,84.94755889,0.0,0.0,1.0,0.0,1.0
0.0,0.0,79.2,24.0,576.0,6272.64,1.0,0.0,0.0,0.0,1.0
0.0,2.0,15.2458,35.9,1288.81,232.43441763999996,0.0,0.0,1.0,1.0,0.0
0.0,0.0,7.75,22.0,484.0,60.0625,0.0,0.0,1.0,1.0,0.0
1.0,0.0,15.85,24.0,576.0,251.2225,0.0,0.0,1.0,1.0,0.0
0.0,0.0,6.75,19.0,361.0,45.5625,0.0,0.0,1.0,0.0,1.0
0.0,0.0,11.5,18.0,324.0,132.25,0.0,1.0,0.0,0.0,1.0
1.0,1.0,36.75,19.0,361.0,1350.5625,0.0,1.0,0.0,0.0,1.0
0.0,0.0,7.7958,27.0,729.0,60.77449764,0.0,0.0,1.0,0.0,1.0
2.0,2.0,34.375,9.0,81.0,1181.640625,0.0,0.0,1.0,1.0,0.0
0.0,2.0,26.0,36.5,1332.25,676.0,0.0,1.0,0.0,0.0,1.0
0.0,0.0,13.0,42.0,1764.0,169.0,0.0,1.0,0.0,0.0,1.0
0.0,0.0,12.525,51.0,2601.0,156.875625,0.0,1.0,0.0,0.0,1.0
1.0,0.0,66.6,22.0,484.0,4435.5599999999995,1.0,0.0,0.0,1.0,0.0
0.0,0.0,8.05,55.5,3080.25,64.80250000000001,0.0,0.0,1.0,0.0,1.0
0.0,2.0,14.5,40.5,1640.25,210.25,0.0,0.0,1.0,0.0,1.0
0.0,0.0,7.3125,32.409774,1050.393450731076,53.47265625,0.0,0.0,1.0,0.0,1.0
0.0,1.0,61.3792,51.0,2601.0,3767.4061926399995,1.0,0.0,0.0,0.0,1.0
0.0,0.0,7.7333,16.0,256.0,59.803928889999995,0.0,0.0,1.0,1.0,0.0
0.0,0.0,8.05,30.0,900.0,64.80250000000001,0.0,0.0,1.0,0.0,1.0
0.0,0.0,8.6625,32.409774,1050.393450731076,75.03890625,0.0,0.0,1.0,0.0,1.0
8.0,2.0,69.55,4.574167,20.923003743889,4837.202499999999,0.0,0.0,1.0,0.0,1.0
0.0,1.0,16.1,44.0,1936.0,259.21000000000004,0.0,0.0,1.0,0.0,1.0
0.0,0.0,15.75,40.0,1600.0,248.0625,0.0,1.0,0.0,1.0,0.0
0.0,0.0,7.775,26.0,676.0,60.450625,0.0,0.0,1.0,0.0,1.0
0.0,0.0,8.6625,17.0,289.0,75.03890625,0.0,0.0,1.0,0.0,1.0
4.0,1.0,39.6875,1.0,1.0,1575.09765625,0.0,0.0,1.0,0.0,1.0
0.0,2.0,20.525,9.0,81.0,421.27562499999993,0.0,0.0,1.0,0.0,1.0
0.0,1.0,55.0,35.9,1288.81,3025.0,1.0,0.0,0.0,1.0,0.0
1.0,4.0,27.9,45.0,2025.0,778.41,0.0,0.0,1.0,1.0,0.0
0.0,0.0,25.925,32.409774,1050.393450731076,672.105625,1.0,0.0,0.0,0.0,1.0
0.0,0.0,56.4958,28.0,784.0,3191.7754176400003,0.0,0.0,1.0,0.0,1.0
0.0,0.0,33.5,61.0,3721.0,1122.25,1.0,0.0,0.0,0.0,1.0
4.0,1.0,29.125,4.0,16.0,848.265625,0.0,0.0,1.0,0.0,1.0
1.0,1.0,11.1333,1.0,1.0,123.95036889000001,0.0,0.0,1.0,1.0,0.0
0.0,0.0,7.925,21.0,441.0,62.805625,0.0,0.0,1.0,0.0,1.0
0.0,0.0,30.6958,56.0,3136.0,942.2321376399999,1.0,0.0,0.0,0.0,1.0
1.0,1.0,7.8542,18.0,324.0,61.688457639999996,0.0,0.0,1.0,0.0,1.0
3.0,1.0,25.4667,4.574167,20.923003743889,648.5528088899999,0.0,0.0,1.0,0.0,1.0
0.0,0.0,28.7125,50.0,2500.0,824.40765625,1.0,0.0,0.0,1.0,0.0
0.0,0.0,13.0,30.0,900.0,169.0,0.0,1.0,0.0,0.0,1.0
0.0,0.0,0.0,36.0,1296.0,0.0,0.0,0.0,1.0,0.0,1.0
8.0,2.0,69.55,21.773973,474.1059002047291,4837.202499999999,0.0,0.0,1.0,1.0,0.0
0.0,0.0,15.05,32.409774,1050.393450731076,226.50250000000003,0.0,1.0,0.0,0.0,1.0
4.0,2.0,31.3875,9.0,81.0,985.17515625,0.0,0.0,1.0,0.0,1.0
2.0,1.0,39.0,1.0,1.0,1521.0,0.0,1.0,0.0,0.0,1.0
0.0,2.0,22.025,4.0,16.0,485.1006249999999,0.0,0.0,1.0,1.0,0.0
0.0,0.0,50.0,32.409774,1050.393450731076,2500.0,1.0,0.0,0.0,0.0,1.0
1.0,0.0,15.5,35.9,1288.81,240.25,0.0,0.0,1.0,1.0,0.0
0.0,0.0,26.55,45.0,2025.0,704.9025,1.0,0.0,0.0,0.0,1.0
1.0,1.0,15.5,40.0,1600.0,240.25,0.0,0.0,1.0,0.0,1.0
0.0,0.0,7.8958,36.0,1296.0,62.34365764,0.0,0.0,1.0,0.0,1.0
0.0,0.0,13.0,32.0,1024.0,169.0,0.0,1.0,0.0,1.0,0.0
0.0,0.0,13.0,19.0,361.0,169.0,0.0,1.0,0.0,0.0,1.0
1.0,0.0,7.8542,19.0,361.0,61.688457639999996,0.0,0.0,1.0,1.0,0.0
1.0,1.0,26.0,3.0,9.0,676.0,0.0,1.0,0.0,0.0,1.0
0.0,0.0,27.7208,44.0,1936.0,768.44275264,1.0,0.0,0.0,1.0,0.0
0.0,0.0,146.5208,58.0,3364.0,21468.344832640003,1.0,0.0,0.0,1.0,0.0
0.0,0.0,7.75,32.409774,1050.393450731076,60.0625,0.0,0.0,1.0,0.0,1.0
0.0,1.0,8.4042,42.0,1764.0,70.63057763999998,0.0,0.0,1.0,0.0,1.0
0.0,0.0,7.75,21.773973,474.1059002047291,60.0625,0.0,0.0,1.0,1.0,0.0
0.0,0.0,13.0,24.0,576.0,169.0,0.0,1.0,0.0,1.0,0.0
0.0,0.0,9.5,28.0,784.0,90.25,0.0,0.0,1.0,0.0,1.0
8.0,2.0,69.55,32.409774,1050.393450731076,4837.202499999999,0.0,0.0,1.0,0.0,1.0
0.0,0.0,6.4958,34.0,1156.0,42.19541764,0.0,0.0,1.0,0.0,1.0
0.0,0.0,7.225,45.5,2070.25,52.200624999999995,0.0,0.0,1.0,0.0,1.0
0.0,0.0,8.05,18.0,324.0,64.80250000000001,0.0,0.0,1.0,0.0,1.0
0.0,1.0,10.4625,2.0,4.0,109.46390625000001,0.0,0.0,1.0,1.0,0.0
1.0,0.0,15.85,32.0,1024.0,251.2225,0.0,0.0,1.0,0.0,1.0
0.0,0.0,18.7875,26.0,676.0,352.97015625000006,0.0,0.0,1.0,0.0,1.0
0.0,0.0,7.75,16.0,256.0,60.0625,0.0,0.0,1.0,1.0,0.0
0.0,0.0,31.0,40.0,1600.0,961.0,1.0,0.0,0.0,0.0,1.0
0.0,0.0,7.05,24.0,576.0,49.7025,0.0,0.0,1.0,0.0,1.0
0.0,0.0,21.0,35.0,1225.0,441.0,0.0,1.0,0.0,1.0,0.0
0.0,0.0,7.25,22.0,484.0,52.5625,0.0,0.0,1.0,0.0,1.0
0.0,0.0,13.0,30.0,900.0,169.0,0.0,1.0,0.0,0.0,1.0
1.0,0.0,7.75,32.409774,1050.393450731076,60.0625,0.0,0.0,1.0,0.0,1.0
1.0,0.0,113.275,31.0,961.0,12831.225625000001,1.0,0.0,0.0,1.0,0.0
0.0,0.0,7.925,27.0,729.0,62.805625,0.0,0.0,1.0,1.0,0.0
1.0,0.0,27.0,42.0,1764.0,729.0,0.0,1.0,0.0,0.0,1.0
0.0,0.0,76.2917,32.0,1024.0,5820.423488890001,1.0,0.0,0.0,1.0,0.0
0.0,0.0,10.5,30.0,900.0,110.25,0.0,1.0,0.0,0.0,1.0
0.0,0.0,8.05,16.0,256.0,64.80250000000001,0.0,0.0,1.0,0.0,1.0
0.0,0.0,13.0,27.0,729.0,169.0,0.0,1.0,0.0,0.0,1.0
0.0,0.0,8.05,51.0,2601.0,64.80250000000001,0.0,0.0,1.0,0.0,1.0
0.0,0.0,7.8958,32.409774,1050.393450731076,62.34365764,0.0,0.0,1.0,0.0,1.0
1.0,0.0,90.0,38.0,1444.0,8100.0,1.0,0.0,0.0,0.0,1.0
0.0,0.0,9.35,22.0,484.0,87.4225,0.0,0.0,1.0,0.0,1.0
0.0,0.0,10.5,19.0,361.0,110.25,0.0,1.0,0.0,0.0,1.0
0.0,0.0,7.25,20.5,420.25,52.5625,0.0,0.0,1.0,0.0,1.0
0.0,0.0,13.0,18.0,324.0,169.0,0.0,1.0,0.0,0.0,1.0
3.0,1.0,25.4667,21.773973,474.1059002047291,648.5528088899999,0.0,0.0,1.0,1.0,0.0
1.0,0.0,83.475,35.0,1225.0,6968.0756249999995,1.0,0.0,0.0,1.0,0.0
0.0,0.0,7.775,29.0,841.0,60.450625,0.0,0.0,1.0,0.0,1.0
0.0,0.0,13.5,59.0,3481.0,182.25,0.0,1.0,0.0,0.0,1.0
4.0,2.0,31.3875,5.0,25.0,985.17515625,0.0,0.0,1.0,1.0,0.0
0.0,0.0,10.5,24.0,576.0,110.25,0.0,1.0,0.0,0.0,1.0
0.0,0.0,7.55,21.773973,474.1059002047291,57.0025,0.0,0.0,1.0,1.0,0.0
1.0,0.0,26.0,44.0,1936.0,676.0,0.0,1.0,0.0,0.0,1.0
0.0,2.0,26.25,8.0,64.0,689.0625,0.0,1.0,0.0,1.0,0.0
0.0,0.0,10.5,19.0,361.0,110.25,0.0,1.0,0.0,0.0,1.0
0.0,0.0,12.275,33.0,1089.0,150.675625,0.0,1.0,0.0,0.0,1.0
1.0,0.0,14.4542,21.773973,474.1059002047291,208.92389764,0.0,0.0,1.0,1.0,0.0
1.0,0.0,15.5,21.773973,474.1059002047291,240.25,0.0,0.0,1.0,1.0,0.0
0.0,0.0,10.5,29.0,841.0,110.25,0.0,1.0,0.0,0.0,1.0
0.0,0.0,7.125,22.0,484.0,50.765625,0.0,0.0,1.0,0.0,1.0
0.0,0.0,7.225,30.0,900.0,52.200624999999995,0.0,0.0,1.0,0.0,1.0
2.0,0.0,90.0,44.0,1936.0,8100.0,1.0,0.0,0.0,0.0,1.0
0.0,0.0,7.775,25.0,625.0,60.450625,0.0,0.0,1.0,1.0,0.0
0.0,2.0,14.5,24.0,576.0,210.25,0.0,1.0,0.0,1.0,0.0
1.0,1.0,52.5542,37.0,1369.0,2761.94393764,1.0,0.0,0.0,0.0,1.0
1.0,0.0,26.0,54.0,2916.0,676.0,0.0,1.0,0.0,0.0,1.0
0.0,0.0,7.25,32.409774,1050.393450731076,52.5625,0.0,0.0,1.0,0.0,1.0
1.0,1.0,10.4625,29.0,841.0,109.46390625000001,0.0,0.0,1.0,1.0,0.0
0.0,0.0,26.55,62.0,3844.0,704.9025,1.0,0.0,0.0,0.0,1.0
1.0,0.0,16.1,30.0,900.0,259.21000000000004,0.0,0.0,1.0,0.0,1.0
0.0,2.0,20.2125,41.0,1681.0,408.54515624999993,0.0,0.0,1.0,1.0,0.0
0.0,2.0,15.2458,29.0,841.0,232.43441763999996,0.0,0.0,1.0,1.0,0.0
0.0,0.0,79.2,35.9,1288.81,6272.64,1.0,0.0,0.0,1.0,0.0
0.0,0.0,86.5,30.0,900.0,7482.25,1.0,0.0,0.0,1.0,0.0
0.0,0.0,512.3292,35.0,1225.0,262481.20917264,1.0,0.0,0.0,1.0,0.0
0.0,1.0,26.0,50.0,2500.0,676.0,0.0,1.0,0.0,1.0,0.0
0.0,0.0,7.75,32.409774,1050.393450731076,60.0625,0.0,0.0,1.0,0.0,1.0
4.0,2.0,31.3875,3.0,9.0,985.17515625,0.0,0.0,1.0,0.0,1.0
1.0,1.0,79.65,52.0,2704.0,6344.122500000001,1.0,0.0,0.0,0.0,1.0
0.0,0.0,0.0,40.0,1600.0,0.0,1.0,0.0,0.0,0.0,1.0
0.0,0.0,7.75,21.773973,474.1059002047291,60.0625,0.0,0.0,1.0,1.0,0.0
0.0,0.0,10.5,36.0,1296.0,110.25,0.0,1.0,0.0,0.0,1.0
4.0,1.0,39.6875,16.0,256.0,1575.09765625,0.0,0.0,1.0,0.0,1.0
1.0,0.0,7.775,25.0,625.0,60.450625,0.0,0.0,1.0,0.0,1.0
0.0,1.0,153.4625,58.0,3364.0,23550.73890625,1.0,0.0,0.0,1.0,0.0
0.0,0.0,135.6333,35.0,1225.0,18396.392068889996,1.0,0.0,0.0,1.0,0.0
0.0,0.0,31.0,32.409774,1050.393450731076,961.0,1.0,0.0,0.0,0.0,1.0
0.0,0.0,0.0,25.0,625.0,0.0,0.0,0.0,1.0,0.0,1.0
0.0,1.0,19.5,41.0,1681.0,380.25,0.0,1.0,0.0,1.0,0.0
0.0,1.0,29.7,37.0,1369.0,882.0899999999999,1.0,0.0,0.0,0.0,1.0
0.0,0.0,7.75,21.773973,474.1059002047291,60.0625,0.0,0.0,1.0,1.0,0.0
1.0,0.0,77.9583,63.0,3969.0,6077.496538889999,1.0,0.0,0.0,1.0,0.0
0.0,0.0,7.75,45.0,2025.0,60.0625,0.0,0.0,1.0,1.0,0.0
0.0,0.0,0.0,32.409774,1050.393450731076,0.0,0.0,1.0,0.0,0.0,1.0
4.0,1.0,29.125,7.0,49.0,848.265625,0.0,0.0,1.0,0.0,1.0
1.0,1.0,20.25,35.0,1225.0,410.0625,0.0,0.0,1.0,1.0,0.0
0.0,0.0,7.75,65.0,4225.0,60.0625,0.0,0.0,1.0,0.0,1.0
0.0,0.0,7.8542,28.0,784.0,61.688457639999996,0.0,0.0,1.0,0.0,1.0
0.0,0.0,9.5,16.0,256.0,90.25,0.0,0.0,1.0,0.0,1.0
0.0,0.0,8.05,19.0,361.0,64.80250000000001,0.0,0.0,1.0,0.0,1.0
0.0,0.0,26.0,32.409774,1050.393450731076,676.0,1.0,0.0,0.0,0.0,1.0
0.0,0.0,8.6625,33.0,1089.0,75.03890625,0.0,0.0,1.0,0.0,1.0
0.0,0.0,9.5,30.0,900.0,90.25,0.0,0.0,1.0,0.0,1.0
0.0,0.0,7.8958,22.0,484.0,62.34365764,0.0,0.0,1.0,0.0,1.0
0.0,0.0,13.0,42.0,1764.0,169.0,0.0,1.0,0.0,0.0,1.0
0.0,0.0,7.75,22.0,484.0,60.0625,0.0,0.0,1.0,1.0,0.0
0.0,0.0,78.85,26.0,676.0,6217.322499999999,1.0,0.0,0.0,1.0,0.0
1.0,0.0,91.0792,19.0,361.0,8295.42067264,1.0,0.0,0.0,1.0,0.0
0.0,0.0,12.875,36.0,1296.0,165.765625,0.0,1.0,0.0,0.0,1.0
0.0,0.0,8.85,24.0,576.0,78.32249999999999,0.0,0.0,1.0,1.0,0.0
0.0,0.0,7.8958,24.0,576.0,62.34365764,0.0,0.0,1.0,0.0,1.0
0.0,0.0,27.7208,32.409774,1050.393450731076,768.44275264,1.0,0.0,0.0,0.0,1.0
0.0,0.0,7.2292,23.5,552.25,52.26133263999999,0.0,0.0,1.0,0.0,1.0
1.0,2.0,151.55,2.0,4.0,22967.402500000004,1.0,0.0,0.0,1.0,0.0
0.0,0.0,30.5,32.409774,1050.393450731076,930.25,1.0,0.0,0.0,0.0,1.0
0.0,1.0,247.5208,50.0,2500.0,61266.54643264,1.0,0.0,0.0,1.0,0.0
0.0,0.0,7.75,21.773973,474.1059002047291,60.0625,0.0,0.0,1.0,1.0,0.0
2.0,0.0,23.25,32.409774,1050.393450731076,540.5625,0.0,0.0,1.0,0.0,1.0
0.0,0.0,0.0,19.0,361.0,0.0,0.0,0.0,1.0,0.0,1.0
0.0,0.0,12.35,21.773973,474.1059002047291,152.52249999999998,0.0,1.0,0.0,1.0,0.0
0.0,0.0,8.05,32.409774,1050.393450731076,64.80250000000001,0.0,0.0,1.0,0.0,1.0
1.0,2.0,151.55,0.92,0.8464,22967.402500000004,1.0,0.0,0.0,0.0,1.0
0.0,0.0,110.8833,21.773973,474.1059002047291,12295.106218890001,1.0,0.0,0.0,1.0,0.0
1.0,0.0,108.9,17.0,289.0,11859.210000000001,1.0,0.0,0.0,1.0,0.0
1.0,0.0,24.0,30.0,900.0,576.0,0.0,1.0,0.0,0.0,1.0
0.0,0.0,56.9292,30.0,900.0,3240.9338126400003,1.0,0.0,0.0,1.0,0.0
0.0,0.0,83.1583,24.0,576.0,6915.30285889,1.0,0.0,0.0,1.0,0.0
2.0,2.0,262.375,18.0,324.0,68840.640625,1.0,0.0,0.0,1.0,0.0
1.0,1.0,26.0,26.0,676.0,676.0,0.0,1.0,0.0,1.0,0.0
0.0,0.0,7.8958,28.0,784.0,62.34365764,0.0,0.0,1.0,0.0,1.0
1.0,1.0,26.25,43.0,1849.0,689.0625,0.0,1.0,0.0,0.0,1.0
0.0,0.0,7.8542,26.0,676.0,61.688457639999996,0.0,0.0,1.0,1.0,0.0
1.0,0.0,26.0,24.0,576.0,676.0,0.0,1.0,0.0,1.0,0.0
0.0,0.0,14.0,54.0,2916.0,196.0,0.0,1.0,0.0,0.0,1.0
0.0,2.0,164.8667,31.0,961.0,27181.028768890003,1.0,0.0,0.0,1.0,0.0
1.0,1.0,134.5,40.0,1600.0,18090.25,1.0,0.0,0.0,1.0,0.0
0.0,0.0,7.25,22.0,484.0,52.5625,0.0,0.0,1.0,0.0,1.0
0.0,0.0,7.8958,27.0,729.0,62.34365764,0.0,0.0,1.0,0.0,1.0
0.0,0.0,12.35,30.0,900.0,152.52249999999998,0.0,1.0,0.0,1.0,0.0
1.0,1.0,29.0,22.0,484.0,841.0,0.0,1.0,0.0,1.0,0.0
8.0,2.0,69.55,32.409774,1050.393450731076,4837.202499999999,0.0,0.0,1.0,0.0,1.0
0.0,0.0,135.6333,36.0,1296.0,18396.392068889996,1.0,0.0,0.0,1.0,0.0
0.0,0.0,6.2375,61.0,3721.0,38.906406249999996,0.0,0.0,1.0,0.0,1.0
0.0,0.0,13.0,36.0,1296.0,169.0,0.0,1.0,0.0,1.0,0.0
1.0,1.0,20.525,31.0,961.0,421.27562499999993,0.0,0.0,1.0,1.0,0.0
0.0,1.0,57.9792,16.0,256.0,3361.58763264,1.0,0.0,0.0,1.0,0.0
2.0,0.0,23.25,21.773973,474.1059002047291,540.5625,0.0,0.0,1.0,1.0,0.0
0.0,0.0,28.5,45.5,2070.25,812.25,1.0,0.0,0.0,0.0,1.0
0.0,1.0,153.4625,38.0,1444.0,23550.73890625,1.0,0.0,0.0,0.0,1.0
2.0,0.0,18.0,16.0,256.0,324.0,0.0,0.0,1.0,0.0,1.0
1.0,0.0,133.65,35.9,1288.81,17862.322500000002,1.0,0.0,0.0,1.0,0.0
0.0,0.0,7.8958,32.409774,1050.393450731076,62.34365764,0.0,0.0,1.0,0.0,1.0
1.0,0.0,66.6,29.0,841.0,4435.5599999999995,1.0,0.0,0.0,0.0,1.0
0.0,0.0,134.5,41.0,1681.0,18090.25,1.0,0.0,0.0,1.0,0.0
0.0,0.0,8.05,45.0,2025.0,64.80250000000001,0.0,0.0,1.0,0.0,1.0
0.0,0.0,35.5,45.0,2025.0,1260.25,1.0,0.0,0.0,0.0,1.0
1.0,1.0,26.0,2.0,4.0,676.0,0.0,1.0,0.0,0.0,1.0
3.0,2.0,263.0,24.0,576.0,69169.0,1.0,0.0,0.0,1.0,0.0
0.0,0.0,13.0,28.0,784.0,169.0,0.0,1.0,0.0,0.0,1.0
0.0,0.0,13.0,25.0,625.0,169.0,0.0,1.0,0.0,0.0,1.0
0.0,0.0,13.0,36.0,1296.0,169.0,0.0,1.0,0.0,0.0,1.0
0.0,0.0,13.0,24.0,576.0,169.0,0.0,1.0,0.0,1.0,0.0
0.0,0.0,13.0,40.0,1600.0,169.0,0.0,1.0,0.0,1.0,0.0
1.0,0.0,16.1,35.9,1288.81,259.21000000000004,0.0,0.0,1.0,1.0,0.0
1.0,1.0,15.9,3.0,9.0,252.81,0.0,0.0,1.0,0.0,1.0
0.0,0.0,8.6625,42.0,1764.0,75.03890625,0.0,0.0,1.0,0.0,1.0
0.0,0.0,9.225,23.0,529.0,85.100625,0.0,0.0,1.0,0.0,1.0
0.0,0.0,35.0,32.409774,1050.393450731076,1225.0,1.0,0.0,0.0,0.0,1.0
1.0,1.0,7.2292,15.0,225.0,52.26133263999999,0.0,0.0,1.0,0.0,1.0
1.0,0.0,17.8,25.0,625.0,316.84000000000003,0.0,0.0,1.0,0.0,1.0
0.0,0.0,7.225,32.409774,1050.393450731076,52.200624999999995,0.0,0.0,1.0,0.0,1.0
0.0,0.0,9.5,28.0,784.0,90.25,0.0,0.0,1.0,0.0,1.0
0.0,1.0,55.0,22.0,484.0,3025.0,1.0,0.0,0.0,1.0,0.0
0.0,0.0,13.0,38.0,1444.0,169.0,0.0,1.0,0.0,1.0,0.0
0.0,0.0,7.8792,21.773973,474.1059002047291,62.081792639999996,0.0,0.0,1.0,1.0,0.0
0.0,0.0,7.8792,21.773973,474.1059002047291,62.081792639999996,0.0,0.0,1.0,1.0,0.0
1.0,4.0,27.9,40.0,1600.0,778.41,0.0,0.0,1.0,0.0,1.0
1.0,0.0,27.7208,29.0,841.0,768.44275264,0.0,1.0,0.0,0.0,1.0
0.0,1.0,14.4542,45.0,2025.0,208.92389764,0.0,0.0,1.0,1.0,0.0
0.0,0.0,7.05,35.0,1225.0,49.7025,0.0,0.0,1.0,0.0,1.0
1.0,0.0,15.5,32.409774,1050.393450731076,240.25,0.0,0.0,1.0,0.0,1.0
0.0,0.0,7.25,30.0,900.0,52.5625,0.0,0.0,1.0,0.0,1.0
1.0,0.0,75.25,60.0,3600.0,5662.5625,1.0,0.0,0.0,1.0,0.0
0.0,0.0,7.2292,35.9,1288.81,52.26133263999999,0.0,0.0,1.0,1.0,0.0
0.0,0.0,7.75,21.773973,474.1059002047291,60.0625,0.0,0.0,1.0,1.0,0.0
0.0,0.0,69.3,24.0,576.0,4802.49,1.0,0.0,0.0,1.0,0.0
1.0,0.0,55.4417,25.0,625.0,3073.78209889,1.0,0.0,0.0,0.0,1.0
1.0,0.0,6.4958,18.0,324.0,42.19541764,0.0,0.0,1.0,0.0,1.0
0.0,0.0,8.05,19.0,361.0,64.80250000000001,0.0,0.0,1.0,0.0,1.0
0.0,0.0,135.6333,22.0,484.0,18396.392068889996,1.0,0.0,0.0,0.0,1.0
3.0,1.0,21.075,3.0,9.0,444.155625,0.0,0.0,1.0,1.0,0.0
1.0,0.0,82.1708,35.9,1288.81,6752.04037264,1.0,0.0,0.0,1.0,0.0
0.0,0.0,7.25,22.0,484.0,52.5625,0.0,0.0,1.0,1.0,0.0
0.0,2.0,211.5,27.0,729.0,44732.25,1.0,0.0,0.0,0.0,1.0
0.0,0.0,4.0125,20.0,400.0,16.10015625,0.0,0.0,1.0,0.0,1.0
0.0,0.0,7.775,19.0,361.0,60.450625,0.0,0.0,1.0,0.0,1.0
0.0,0.0,227.525,42.0,1764.0,51767.625625,1.0,0.0,0.0,1.0,0.0
0.0,2.0,15.7417,1.0,1.0,247.80111889,0.0,0.0,1.0,1.0,0.0
0.0,0.0,7.925,32.0,1024.0,62.805625,0.0,0.0,1.0,0.0,1.0
1.0,0.0,52.0,35.0,1225.0,2704.0,1.0,0.0,0.0,1.0,0.0
0.0,0.0,7.8958,32.409774,1050.393450731076,62.34365764,0.0,0.0,1.0,0.0,1.0
0.0,0.0,73.5,18.0,324.0,5402.25,0.0,1.0,0.0,0.0,1.0
5.0,2.0,46.9,1.0,1.0,2199.6099999999997,0.0,0.0,1.0,0.0,1.0
0.0,0.0,13.0,36.0,1296.0,169.0,0.0,1.0,0.0,1.0,0.0
0.0,0.0,7.7292,32.409774,1050.393450731076,59.74053263999999,0.0,0.0,1.0,0.0,1.0
0.0,0.0,12.0,17.0,289.0,144.0,0.0,1.0,0.0,1.0,0.0
1.0,2.0,120.0,36.0,1296.0,14400.0,1.0,0.0,0.0,0.0,1.0
0.0,0.0,7.7958,21.0,441.0,60.77449764,0.0,0.0,1.0,0.0,1.0
2.0,0.0,7.925,28.0,784.0,62.805625,0.0,0.0,1.0,0.0,1.0
1.0,0.0,113.275,23.0,529.0,12831.225625000001,1.0,0.0,0.0,1.0,0.0
0.0,2.0,16.7,24.0,576.0,278.89,0.0,0.0,1.0,1.0,0.0
0.0,0.0,7.7958,22.0,484.0,60.77449764,0.0,0.0,1.0,0.0,1.0
0.0,0.0,7.8542,31.0,961.0,61.688457639999996,0.0,0.0,1.0,1.0,0.0
0.0,0.0,26.0,46.0,2116.0,676.0,0.0,1.0,0.0,0.0,1.0
0.0,0.0,10.5,23.0,529.0,110.25,0.0,1.0,0.0,0.0,1.0
0.0,0.0,12.65,28.0,784.0,160.0225,0.0,1.0,0.0,1.0,0.0
0.0,0.0,7.925,39.0,1521.0,62.805625,0.0,0.0,1.0,0.0,1.0
0.0,0.0,8.05,26.0,676.0,64.80250000000001,0.0,0.0,1.0,0.0,1.0
1.0,0.0,9.825,21.0,441.0,96.53062499999999,0.0,0.0,1.0,1.0,0.0
1.0,0.0,15.85,28.0,784.0,251.2225,0.0,0.0,1.0,0.0,1.0
0.0,0.0,8.6625,20.0,400.0,75.03890625,0.0,0.0,1.0,1.0,0.0
1.0,0.0,21.0,34.0,1156.0,441.0,0.0,1.0,0.0,0.0,1.0
0.0,0.0,7.75,51.0,2601.0,60.0625,0.0,0.0,1.0,0.0,1.0
1.0,1.0,18.75,3.0,9.0,351.5625,0.0,1.0,0.0,0.0,1.0
0.0,0.0,7.775,21.0,441.0,60.450625,0.0,0.0,1.0,0.0,1.0
3.0,1.0,25.4667,21.773973,474.1059002047291,648.5528088899999,0.0,0.0,1.0,1.0,0.0
0.0,0.0,7.8958,32.409774,1050.393450731076,62.34365764,0.0,0.0,1.0,0.0,1.0
0.0,0.0,6.8583,32.409774,1050.393450731076,47.03627889,0.0,0.0,1.0,0.0,1.0
1.0,0.0,90.0,33.0,1089.0,8100.0,1.0,0.0,0.0,1.0,0.0
0.0,0.0,0.0,32.409774,1050.393450731076,0.0,0.0,1.0,0.0,0.0,1.0
0.0,0.0,7.925,44.0,1936.0,62.805625,0.0,0.0,1.0,0.0,1.0
0.0,0.0,8.05,35.9,1288.81,64.80250000000001,0.0,0.0,1.0,1.0,0.0
1.0,1.0,32.5,34.0,1156.0,1056.25,0.0,1.0,0.0,1.0,0.0
0.0,2.0,13.0,18.0,324.0,169.0,0.0,1.0,0.0,1.0,0.0
0.0,0.0,13.0,30.0,900.0,169.0,0.0,1.0,0.0,0.0,1.0
0.0,2.0,24.15,10.0,100.0,583.2225,0.0,0.0,1.0,1.0,0.0
0.0,0.0,7.8958,32.409774,1050.393450731076,62.34365764,0.0,0.0,1.0,0.0,1.0
0.0,0.0,7.7333,21.0,441.0,59.803928889999995,0.0,0.0,1.0,0.0,1.0
0.0,0.0,7.875,29.0,841.0,62.015625,0.0,0.0,1.0,0.0,1.0
1.0,1.0,14.4,28.0,784.0,207.36,0.0,0.0,1.0,1.0,0.0
1.0,1.0,20.2125,18.0,324.0,408.54515624999993,0.0,0.0,1.0,0.0,1.0
0.0,0.0,7.25,32.409774,1050.393450731076,52.5625,0.0,0.0,1.0,0.0,1.0
1.0,0.0,26.0,28.0,784.0,676.0,0.0,1.0,0.0,1.0,0.0
0.0,0.0,26.0,19.0,361.0,676.0,0.0,1.0,0.0,1.0,0.0
0.0,0.0,7.75,32.409774,1050.393450731076,60.0625,0.0,0.0,1.0,0.0,1.0
0.0,0.0,8.05,32.0,1024.0,64.80250000000001,0.0,0.0,1.0,0.0,1.0
0.0,0.0,26.55,28.0,784.0,704.9025,1.0,0.0,0.0,0.0,1.0
1.0,0.0,16.1,35.9,1288.81,259.21000000000004,0.0,0.0,1.0,1.0,0.0
1.0,0.0,26.0,42.0,1764.0,676.0,0.0,1.0,0.0,1.0,0.0
0.0,0.0,7.125,17.0,289.0,50.765625,0.0,0.0,1.0,0.0,1.0
1.0,0.0,55.9,50.0,2500.0,3124.81,1.0,0.0,0.0,0.0,1.0
1.0,2.0,120.0,14.0,196.0,14400.0,1.0,0.0,0.0,1.0,0.0
2.0,2.0,34.375,21.0,441.0,1181.640625,0.0,0.0,1.0,1.0,0.0
2.0,3.0,18.75,24.0,576.0,351.5625,0.0,1.0,0.0,1.0,0.0
1.0,4.0,263.0,64.0,4096.0,69169.0,1.0,0.0,0.0,0.0,1.0
0.0,0.0,10.5,31.0,961.0,110.25,0.0,1.0,0.0,0.0,1.0
1.0,1.0,26.25,45.0,2025.0,689.0625,0.0,1.0,0.0,1.0,0.0
0.0,0.0,9.5,20.0,400.0,90.25,0.0,0.0,1.0,0.0,1.0
1.0,0.0,7.775,25.0,625.0,60.450625,0.0,0.0,1.0,0.0,1.0
0.0,0.0,13.0,28.0,784.0,169.0,0.0,1.0,0.0,1.0,0.0
0.0,0.0,8.1125,32.409774,1050.393450731076,65.81265625000002,0.0,0.0,1.0,0.0,1.0
0.0,2.0,81.8583,4.0,16.0,6700.78127889,1.0,0.0,0.0,0.0,1.0
0.0,1.0,19.5,13.0,169.0,380.25,0.0,1.0,0.0,1.0,0.0
0.0,0.0,26.55,34.0,1156.0,704.9025,1.0,0.0,0.0,0.0,1.0
2.0,1.0,19.2583,5.0,25.0,370.88211888999996,0.0,0.0,1.0,1.0,0.0
0.0,0.0,30.5,52.0,2704.0,930.25,1.0,0.0,0.0,0.0,1.0
1.0,2.0,27.75,36.0,1296.0,770.0625,0.0,1.0,0.0,0.0,1.0
1.0,0.0,19.9667,32.409774,1050.393450731076,398.66910888999996,0.0,0.0,1.0,0.0,1.0
0.0,0.0,27.75,30.0,900.0,770.0625,1.0,0.0,0.0,0.0,1.0
1.0,0.0,89.1042,49.0,2401.0,7939.558457640001,1.0,0.0,0.0,0.0,1.0
0.0,0.0,8.05,32.409774,1050.393450731076,64.80250000000001,0.0,0.0,1.0,0.0,1.0
0.0,0.0,7.8958,29.0,841.0,62.34365764,0.0,0.0,1.0,0.0,1.0
0.0,0.0,26.55,65.0,4225.0,704.9025,1.0,0.0,0.0,0.0,1.0
1.0,0.0,51.8625,35.9,1288.81,2689.7189062499997,1.0,0.0,0.0,1.0,0.0
0.0,0.0,10.5,50.0,2500.0,110.25,0.0,1.0,0.0,1.0,0.0
0.0,0.0,7.75,32.409774,1050.393450731076,60.0625,0.0,0.0,1.0,0.0,1.0
0.0,0.0,26.55,48.0,2304.0,704.9025,1.0,0.0,0.0,0.0,1.0
0.0,0.0,8.05,34.0,1156.0,64.80250000000001,0.0,0.0,1.0,0.0,1.0
0.0,0.0,38.5,47.0,2209.0,1482.25,1.0,0.0,0.0,0.0,1.0
0.0,0.0,13.0,48.0,2304.0,169.0,0.0,1.0,0.0,0.0,1.0
0.0,0.0,8.05,32.409774,1050.393450731076,64.80250000000001,0.0,0.0,1.0,0.0,1.0
0.0,0.0,7.05,38.0,1444.0,49.7025,0.0,0.0,1.0,0.0,1.0
0.0,0.0,0.0,32.409774,1050.393450731076,0.0,0.0,1.0,0.0,0.0,1.0
0.0,0.0,26.55,56.0,3136.0,704.9025,1.0,0.0,0.0,0.0,1.0
0.0,0.0,7.725,32.409774,1050.393450731076,59.675625,0.0,0.0,1.0,0.0,1.0
2.0,1.0,19.2583,0.75,0.5625,370.88211888999996,0.0,0.0,1.0,1.0,0.0
0.0,0.0,7.25,32.409774,1050.393450731076,52.5625,0.0,0.0,1.0,0.0,1.0
0.0,0.0,8.6625,38.0,1444.0,75.03890625,0.0,0.0,1.0,0.0,1.0
1.0,2.0,27.75,33.0,1089.0,770.0625,0.0,1.0,0.0,1.0,0.0
0.0,0.0,13.7917,23.0,529.0,190.21098889,0.0,1.0,0.0,1.0,0.0
0.0,0.0,9.8375,22.0,484.0,96.77640625000001,0.0,0.0,1.0,1.0,0.0
0.0,0.0,52.0,32.409774,1050.393450731076,2704.0,1.0,0.0,0.0,0.0,1.0
1.0,0.0,21.0,34.0,1156.0,441.0,0.0,1.0,0.0,0.0,1.0
1.0,0.0,7.0458,29.0,841.0,49.64329764,0.0,0.0,1.0,0.0,1.0
0.0,0.0,7.5208,22.0,484.0,56.562432640000004,0.0,0.0,1.0,0.0,1.0
0.0,1.0,12.2875,2.0,4.0,150.98265625,0.0,0.0,1.0,1.0,0.0
5.0,2.0,46.9,9.0,81.0,2199.6099999999997,0.0,0.0,1.0,0.0,1.0
0.0,0.0,0.0,32.409774,1050.393450731076,0.0,0.0,1.0,0.0,0.0,1.0
0.0,0.0,8.05,50.0,2500.0,64.80250000000001,0.0,0.0,1.0,0.0,1.0
0.0,0.0,9.5875,63.0,3969.0,91.92015625,0.0,0.0,1.0,1.0,0.0
1.0,0.0,91.0792,25.0,625.0,8295.42067264,1.0,0.0,0.0,0.0,1.0
3.0,1.0,25.4667,21.773973,474.1059002047291,648.5528088899999,0.0,0.0,1.0,1.0,0.0
1.0,0.0,90.0,35.0,1225.0,8100.0,1.0,0.0,0.0,1.0,0.0
0.0,0.0,29.7,58.0,3364.0,882.0899999999999,1.0,0.0,0.0,0.0,1.0
0.0,0.0,8.05,30.0,900.0,64.80250000000001,0.0,0.0,1.0,0.0,1.0
1.0,1.0,15.9,9.0,81.0,252.81,0.0,0.0,1.0,0.0,1.0
1.0,0.0,19.9667,32.409774,1050.393450731076,398.66910888999996,0.0,0.0,1.0,0.0,1.0
0.0,0.0,7.25,21.0,441.0,52.5625,0.0,0.0,1.0,0.0,1.0
0.0,0.0,30.5,55.0,3025.0,930.25,1.0,0.0,0.0,0.0,1.0
0.0,0.0,49.5042,71.0,5041.0,2450.6658176399997,1.0,0.0,0.0,0.0,1.0
0.0,0.0,8.05,21.0,441.0,64.80250000000001,0.0,0.0,1.0,0.0,1.0
0.0,0.0,14.4583,32.409774,1050.393450731076,209.04243888999997,0.0,0.0,1.0,0.0,1.0
1.0,0.0,78.2667,54.0,2916.0,6125.67632889,1.0,0.0,0.0,1.0,0.0
0.0,0.0,15.1,32.409774,1050.393450731076,228.01,0.0,0.0,1.0,0.0,1.0
1.0,2.0,151.55,25.0,625.0,22967.402500000004,1.0,0.0,0.0,1.0,0.0
0.0,0.0,7.7958,24.0,576.0,60.77449764,0.0,0.0,1.0,0.0,1.0
0.0,0.0,8.6625,17.0,289.0,75.03890625,0.0,0.0,1.0,0.0,1.0
0.0,0.0,7.75,21.0,441.0,60.0625,0.0,0.0,1.0,1.0,0.0
0.0,0.0,7.6292,21.773973,474.1059002047291,58.20469264,0.0,0.0,1.0,1.0,0.0
0.0,0.0,9.5875,37.0,1369.0,91.92015625,0.0,0.0,1.0,1.0,0.0
0.0,0.0,86.5,16.0,256.0,7482.25,1.0,0.0,0.0,1.0,0.0
1.0,0.0,108.9,18.0,324.0,11859.210000000001,1.0,0.0,0.0,0.0,1.0
0.0,2.0,26.0,33.0,1089.0,676.0,0.0,1.0,0.0,1.0,0.0
0.0,0.0,26.55,32.409774,1050.393450731076,704.9025,1.0,0.0,0.0,0.0,1.0
0.0,0.0,22.525,28.0,784.0,507.37562499999996,0.0,0.0,1.0,0.0,1.0
0.0,0.0,56.4958,26.0,676.0,3191.7754176400003,0.0,0.0,1.0,0.0,1.0
0.0,0.0,7.75,29.0,841.0,60.0625,0.0,0.0,1.0,0.0,1.0
0.0,0.0,8.05,32.409774,1050.393450731076,64.80250000000001,0.0,0.0,1.0,0.0,1.0
0.0,0.0,26.2875,36.0,1296.0,691.0326562500001,1.0,0.0,0.0,0.0,1.0
1.0,0.0,59.4,54.0,2916.0,3528.3599999999997,1.0,0.0,0.0,1.0,0.0
0.0,0.0,7.4958,24.0,576.0,56.18701764,0.0,0.0,1.0,0.0,1.0
0.0,0.0,34.0208,47.0,2209.0,1157.41483264,1.0,0.0,0.0,0.0,1.0
0.0,0.0,10.5,34.0,1156.0,110.25,0.0,1.0,0.0,1.0,0.0
0.0,0.0,24.15,32.409774,1050.393450731076,583.2225,0.0,0.0,1.0,0.0,1.0
1.0,0.0,26.0,36.0,1296.0,676.0,0.0,1.0,0.0,1.0,0.0
0.0,0.0,7.8958,32.0,1024.0,62.34365764,0.0,0.0,1.0,0.0,1.0
0.0,0.0,93.5,30.0,900.0,8742.25,1.0,0.0,0.0,1.0,0.0
0.0,0.0,7.8958,22.0,484.0,62.34365764,0.0,0.0,1.0,0.0,1.0
0.0,0.0,7.225,32.409774,1050.393450731076,52.200624999999995,0.0,0.0,1.0,0.0,1.0
0.0,1.0,57.9792,44.0,1936.0,3361.58763264,1.0,0.0,0.0,1.0,0.0
0.0,0.0,7.2292,32.409774,1050.393450731076,52.26133263999999,0.0,0.0,1.0,0.0,1.0
0.0,0.0,7.75,40.5,1640.25,60.0625,0.0,0.0,1.0,0.0,1.0
0.0,0.0,10.5,50.0,2500.0,110.25,0.0,1.0,0.0,1.0,0.0
0.0,0.0,221.7792,32.409774,1050.393450731076,49186.013552640004,1.0,0.0,0.0,0.0,1.0
0.0,0.0,7.925,39.0,1521.0,62.805625,0.0,0.0,1.0,0.0,1.0
2.0,1.0,11.5,23.0,529.0,132.25,0.0,1.0,0.0,0.0,1.0
1.0,1.0,26.0,2.0,4.0,676.0,0.0,1.0,0.0,1.0,0.0
0.0,0.0,7.2292,32.409774,1050.393450731076,52.26133263999999,0.0,0.0,1.0,0.0,1.0
1.0,1.0,7.2292,17.0,289.0,52.26133263999999,0.0,0.0,1.0,0.0,1.0
0.0,2.0,22.3583,35.9,1288.81,499.89357889,0.0,0.0,1.0,1.0,0.0
0.0,0.0,8.6625,30.0,900.0,75.03890625,0.0,0.0,1.0,1.0,0.0
0.0,2.0,26.25,7.0,49.0,689.0625,0.0,1.0,0.0,1.0,0.0
0.0,0.0,26.55,45.0,2025.0,704.9025,1.0,0.0,0.0,0.0,1.0
0.0,0.0,106.425,30.0,900.0,11326.280625,1.0,0.0,0.0,1.0,0.0
0.0,0.0,14.5,32.409774,1050.393450731076,210.25,0.0,0.0,1.0,0.0,1.0
0.0,2.0,49.5,22.0,484.0,2450.25,1.0,0.0,0.0,1.0,0.0
0.0,2.0,71.0,36.0,1296.0,5041.0,1.0,0.0,0.0,1.0,0.0
4.0,2.0,31.275,9.0,81.0,978.1256249999999,0.0,0.0,1.0,1.0,0.0
4.0,2.0,31.275,11.0,121.0,978.1256249999999,0.0,0.0,1.0,1.0,0.0
1.0,0.0,26.0,32.0,1024.0,676.0,0.0,1.0,0.0,0.0,1.0
1.0,0.0,106.425,50.0,2500.0,11326.280625,1.0,0.0,0.0,0.0,1.0
0.0,0.0,26.0,64.0,4096.0,676.0,1.0,0.0,0.0,0.0,1.0
1.0,0.0,26.0,19.0,361.0,676.0,0.0,1.0,0.0,1.0,0.0
0.0,0.0,13.8625,32.409774,1050.393450731076,192.16890625000002,0.0,1.0,0.0,0.0,1.0
1.0,1.0,20.525,33.0,1089.0,421.27562499999993,0.0,0.0,1.0,0.0,1.0
1.0,1.0,36.75,8.0,64.0,1350.5625,0.0,1.0,0.0,0.0,1.0
0.0,2.0,110.8833,17.0,289.0,12295.106218890001,1.0,0.0,0.0,0.0,1.0
0.0,0.0,26.0,27.0,729.0,676.0,0.0,1.0,0.0,0.0,1.0
0.0,0.0,7.8292,32.409774,1050.393450731076,61.29637264,0.0,0.0,1.0,0.0,1.0
0.0,0.0,7.225,22.0,484.0,52.200624999999995,0.0,0.0,1.0,0.0,1.0
0.0,0.0,7.775,22.0,484.0,60.450625,0.0,0.0,1.0,1.0,0.0
0.0,0.0,26.55,62.0,3844.0,704.9025,1.0,0.0,0.0,0.0,1.0
1.0,0.0,39.6,48.0,2304.0,1568.16,1.0,0.0,0.0,1.0,0.0
0.0,0.0,227.525,32.409774,1050.393450731076,51767.625625,1.0,0.0,0.0,0.0,1.0
1.0,1.0,79.65,39.0,1521.0,6344.122500000001,1.0,0.0,0.0,1.0,0.0
1.0,0.0,17.4,36.0,1296.0,302.75999999999993,0.0,0.0,1.0,1.0,0.0
0.0,0.0,7.75,32.409774,1050.393450731076,60.0625,0.0,0.0,1.0,0.0,1.0
0.0,0.0,7.8958,40.0,1600.0,62.34365764,0.0,0.0,1.0,0.0,1.0
0.0,0.0,13.5,28.0,784.0,182.25,0.0,1.0,0.0,0.0,1.0
0.0,0.0,8.05,32.409774,1050.393450731076,64.80250000000001,0.0,0.0,1.0,0.0,1.0
0.0,0.0,8.05,21.773973,474.1059002047291,64.80250000000001,0.0,0.0,1.0,1.0,0.0
2.0,0.0,24.15,24.0,576.0,583.2225,0.0,0.0,1.0,0.0,1.0
0.0,0.0,7.8958,19.0,361.0,62.34365764,0.0,0.0,1.0,0.0,1.0
0.0,4.0,21.075,29.0,841.0,444.155625,0.0,0.0,1.0,1.0,0.0
0.0,0.0,7.2292,32.409774,1050.393450731076,52.26133263999999,0.0,0.0,1.0,0.0,1.0
0.0,0.0,7.8542,32.0,1024.0,61.688457639999996,0.0,0.0,1.0,0.0,1.0
0.0,0.0,10.5,62.0,3844.0,110.25,0.0,1.0,0.0,0.0,1.0
2.0,0.0,51.4792,53.0,2809.0,2650.1080326399997,1.0,0.0,0.0,1.0,0.0
0.0,0.0,26.3875,36.0,1296.0,696.30015625,1.0,0.0,0.0,0.0,1.0
0.0,0.0,7.75,21.773973,474.1059002047291,60.0625,0.0,0.0,1.0,1.0,0.0
0.0,0.0,8.05,16.0,256.0,64.80250000000001,0.0,0.0,1.0,0.0,1.0
0.0,0.0,14.5,19.0,361.0,210.25,0.0,0.0,1.0,0.0,1.0
0.0,0.0,13.0,34.0,1156.0,169.0,0.0,1.0,0.0,1.0,0.0
1.0,0.0,55.9,39.0,1521.0,3124.81,1.0,0.0,0.0,1.0,0.0
1.0,0.0,14.4583,35.9,1288.81,209.04243888999997,0.0,0.0,1.0,1.0,0.0
0.0,0.0,7.925,32.0,1024.0,62.805625,0.0,0.0,1.0,0.0,1.0
1.0,1.0,30.0,25.0,625.0,900.0,0.0,1.0,0.0,1.0,0.0
1.0,1.0,110.8833,39.0,1521.0,12295.106218890001,1.0,0.0,0.0,1.0,0.0
0.0,0.0,26.0,54.0,2916.0,676.0,0.0,1.0,0.0,0.0,1.0
0.0,0.0,40.125,36.0,1296.0,1610.015625,1.0,0.0,0.0,0.0,1.0
0.0,0.0,8.7125,32.409774,1050.393450731076,75.90765625,0.0,0.0,1.0,0.0,1.0
0.0,2.0,79.65,18.0,324.0,6344.122500000001,1.0,0.0,0.0,1.0,0.0
0.0,0.0,15.0,47.0,2209.0,225.0,0.0,1.0,0.0,0.0,1.0
1.0,1.0,79.2,60.0,3600.0,6272.64,1.0,0.0,0.0,0.0,1.0
0.0,0.0,8.05,22.0,484.0,64.80250000000001,0.0,0.0,1.0,0.0,1.0
0.0,0.0,8.05,32.409774,1050.393450731076,64.80250000000001,0.0,0.0,1.0,0.0,1.0
0.0,0.0,7.125,35.0,1225.0,50.765625,0.0,0.0,1.0,0.0,1.0
1.0,0.0,78.2667,52.0,2704.0,6125.67632889,1.0,0.0,0.0,1.0,0.0
0.0,0.0,7.25,47.0,2209.0,52.5625,0.0,0.0,1.0,0.0,1.0
0.0,2.0,7.75,21.773973,474.1059002047291,60.0625,0.0,0.0,1.0,1.0,0.0
1.0,0.0,26.0,37.0,1369.0,676.0,0.0,1.0,0.0,0.0,1.0
1.0,1.0,24.15,36.0,1296.0,583.2225,0.0,0.0,1.0,0.0,1.0
0.0,0.0,33.0,21.773973,474.1059002047291,1089.0,0.0,1.0,0.0,1.0,0.0
0.0,0.0,0.0,49.0,2401.0,0.0,0.0,0.0,1.0,0.0,1.0
0.0,0.0,7.225,32.409774,1050.393450731076,52.200624999999995,0.0,0.0,1.0,0.0,1.0
1.0,0.0,56.9292,49.0,2401.0,3240.9338126400003,1.0,0.0,0.0,0.0,1.0
2.0,1.0,27.0,24.0,576.0,729.0,0.0,1.0,0.0,1.0,0.0
0.0,0.0,7.8958,32.409774,1050.393450731076,62.34365764,0.0,0.0,1.0,0.0,1.0
0.0,0.0,42.4,32.409774,1050.393450731076,1797.76,1.0,0.0,0.0,0.0,1.0
0.0,0.0,8.05,44.0,1936.0,64.80250000000001,0.0,0.0,1.0,0.0,1.0
0.0,0.0,26.55,35.0,1225.0,704.9025,1.0,0.0,0.0,0.0,1.0
1.0,0.0,15.55,36.0,1296.0,241.8025,0.0,0.0,1.0,0.0,1.0
0.0,0.0,7.8958,30.0,900.0,62.34365764,0.0,0.0,1.0,0.0,1.0
0.0,0.0,30.5,27.0,729.0,930.25,1.0,0.0,0.0,0.0,1.0
1.0,2.0,41.5792,22.0,484.0,1728.82987264,0.0,1.0,0.0,1.0,0.0
0.0,0.0,153.4625,40.0,1600.0,23550.73890625,1.0,0.0,0.0,1.0,0.0
1.0,5.0,31.275,39.0,1521.0,978.1256249999999,0.0,0.0,1.0,1.0,0.0
0.0,0.0,7.05,32.409774,1050.393450731076,49.7025,0.0,0.0,1.0,0.0,1.0
1.0,0.0,15.5,21.773973,474.1059002047291,240.25,0.0,0.0,1.0,1.0,0.0
0.0,0.0,7.75,32.409774,1050.393450731076,60.0625,0.0,0.0,1.0,0.0,1.0
0.0,0.0,8.05,35.0,1225.0,64.80250000000001,0.0,0.0,1.0,0.0,1.0
1.0,2.0,65.0,24.0,576.0,4225.0,0.0,1.0,0.0,1.0,0.0
1.0,1.0,14.4,34.0,1156.0,207.36,0.0,0.0,1.0,0.0,1.0
1.0,0.0,16.1,26.0,676.0,259.21000000000004,0.0,0.0,1.0,1.0,0.0
2.0,1.0,39.0,4.0,16.0,1521.0,0.0,1.0,0.0,1.0,0.0
0.0,0.0,10.5,26.0,676.0,110.25,0.0,1.0,0.0,0.0,1.0
1.0,0.0,14.4542,27.0,729.0,208.92389764,0.0,0.0,1.0,0.0,1.0
1.0,0.0,52.5542,42.0,1764.0,2761.94393764,1.0,0.0,0.0,0.0,1.0
1.0,1.0,15.7417,20.0,400.0,247.80111889,0.0,0.0,1.0,0.0,1.0
0.0,0.0,7.8542,21.0,441.0,61.688457639999996,0.0,0.0,1.0,0.0,1.0
0.0,0.0,16.1,21.0,441.0,259.21000000000004,0.0,0.0,1.0,0.0,1.0
0.0,0.0,32.3208,61.0,3721.0,1044.6341126399998,1.0,0.0,0.0,0.0,1.0
0.0,0.0,12.35,57.0,3249.0,152.52249999999998,0.0,1.0,0.0,0.0,1.0
0.0,0.0,77.9583,21.0,441.0,6077.496538889999,1.0,0.0,0.0,1.0,0.0
0.0,0.0,7.8958,26.0,676.0,62.34365764,0.0,0.0,1.0,0.0,1.0
0.0,0.0,7.7333,32.409774,1050.393450731076,59.803928889999995,0.0,0.0,1.0,0.0,1.0
0.0,0.0,30.0,80.0,6400.0,900.0,1.0,0.0,0.0,0.0,1.0
0.0,0.0,7.0542,51.0,2601.0,49.76173764,0.0,0.0,1.0,0.0,1.0
0.0,0.0,30.5,32.0,1024.0,930.25,1.0,0.0,0.0,0.0,1.0
0.0,0.0,0.0,32.409774,1050.393450731076,0.0,1.0,0.0,0.0,0.0,1.0
3.0,2.0,27.9,9.0,81.0,778.41,0.0,0.0,1.0,1.0,0.0
0.0,0.0,13.0,28.0,784.0,169.0,0.0,1.0,0.0,1.0,0.0
0.0,0.0,7.925,32.0,1024.0,62.805625,0.0,0.0,1.0,0.0,1.0
1.0,1.0,26.25,31.0,961.0,689.0625,0.0,1.0,0.0,0.0,1.0
0.0,5.0,39.6875,41.0,1681.0,1575.09765625,0.0,0.0,1.0,1.0,0.0
1.0,0.0,16.1,32.409774,1050.393450731076,259.21000000000004,0.0,0.0,1.0,0.0,1.0
0.0,0.0,7.8542,20.0,400.0,61.688457639999996,0.0,0.0,1.0,0.0,1.0
0.0,0.0,69.3,24.0,576.0,4802.49,1.0,0.0,0.0,1.0,0.0
3.0,2.0,27.9,2.0,4.0,778.41,0.0,0.0,1.0,1.0,0.0
0.0,0.0,56.4958,32.409774,1050.393450731076,3191.7754176400003,0.0,0.0,1.0,0.0,1.0
2.0,1.0,19.2583,0.75,0.5625,370.88211888999996,0.0,0.0,1.0,1.0,0.0
1.0,0.0,76.7292,48.0,2304.0,5887.3701326400005,1.0,0.0,0.0,0.0,1.0
0.0,0.0,7.8958,19.0,361.0,62.34365764,0.0,0.0,1.0,0.0,1.0
0.0,0.0,35.5,56.0,3136.0,1260.25,1.0,0.0,0.0,0.0,1.0
0.0,0.0,7.55,32.409774,1050.393450731076,57.0025,0.0,0.0,1.0,0.0,1.0
0.0,0.0,7.55,23.0,529.0,57.0025,0.0,0.0,1.0,1.0,0.0
0.0,0.0,7.8958,32.409774,1050.393450731076,62.34365764,0.0,0.0,1.0,0.0,1.0
0.0,1.0,23.0,18.0,324.0,529.0,0.0,1.0,0.0,1.0,0.0
0.0,0.0,8.4333,21.0,441.0,71.12054888999998,0.0,0.0,1.0,0.0,1.0
0.0,0.0,7.8292,21.773973,474.1059002047291,61.29637264,0.0,0.0,1.0,1.0,0.0
0.0,0.0,6.75,18.0,324.0,45.5625,0.0,0.0,1.0,1.0,0.0
2.0,0.0,73.5,24.0,576.0,5402.25,0.0,1.0,0.0,0.0,1.0
0.0,0.0,7.8958,32.409774,1050.393450731076,62.34365764,0.0,0.0,1.0,0.0,1.0
1.0,1.0,15.5,32.0,1024.0,240.25,0.0,0.0,1.0,1.0,0.0
0.0,0.0,13.0,23.0,529.0,169.0,0.0,1.0,0.0,0.0,1.0
0.0,2.0,113.275,58.0,3364.0,12831.225625000001,1.0,0.0,0.0,0.0,1.0
2.0,0.0,133.65,50.0,2500.0,17862.322500000002,1.0,0.0,0.0,0.0,1.0
0.0,0.0,7.225,40.0,1600.0,52.200624999999995,0.0,0.0,1.0,0.0,1.0
0.0,0.0,25.5875,47.0,2209.0,654.72015625,1.0,0.0,0.0,0.0,1.0
0.0,0.0,7.4958,36.0,1296.0,56.18701764,0.0,0.0,1.0,0.0,1.0
1.0,0.0,7.925,20.0,400.0,62.805625,0.0,0.0,1.0,0.0,1.0
2.0,0.0,73.5,32.0,1024.0,5402.25,0.0,1.0,0.0,0.0,1.0
0.0,0.0,13.0,25.0,625.0,169.0,0.0,1.0,0.0,0.0,1.0
0.0,0.0,7.775,32.409774,1050.393450731076,60.450625,0.0,0.0,1.0,0.0,1.0
0.0,0.0,8.05,43.0,1849.0,64.80250000000001,0.0,0.0,1.0,0.0,1.0
1.0,0.0,52.0,35.9,1288.81,2704.0,1.0,0.0,0.0,1.0,0.0
1.0,1.0,39.0,40.0,1600.0,1521.0,0.0,1.0,0.0,1.0,0.0
1.0,0.0,52.0,31.0,961.0,2704.0,1.0,0.0,0.0,0.0,1.0
0.0,0.0,10.5,70.0,4900.0,110.25,0.0,1.0,0.0,0.0,1.0
0.0,0.0,13.0,31.0,961.0,169.0,0.0,1.0,0.0,0.0,1.0
0.0,0.0,0.0,32.409774,1050.393450731076,0.0,0.0,1.0,0.0,0.0,1.0
0.0,0.0,7.775,18.0,324.0,60.450625,0.0,0.0,1.0,0.0,1.0
0.0,0.0,8.05,24.5,600.25,64.80250000000001,0.0,0.0,1.0,0.0,1.0
0.0,0.0,9.8417,18.0,324.0,96.85905888999999,0.0,0.0,1.0,1.0,0.0
1.0,6.0,46.9,43.0,1849.0,2199.6099999999997,0.0,0.0,1.0,1.0,0.0
0.0,1.0,512.3292,36.0,1296.0,262481.20917264,1.0,0.0,0.0,0.0,1.0
0.0,0.0,8.1375,21.773973,474.1059002047291,66.21890624999999,0.0,0.0,1.0,1.0,0.0
0.0,0.0,76.7292,27.0,729.0,5887.3701326400005,1.0,0.0,0.0,0.0,1.0
0.0,0.0,9.225,20.0,400.0,85.100625,0.0,0.0,1.0,0.0,1.0
5.0,2.0,46.9,14.0,196.0,2199.6099999999997,0.0,0.0,1.0,0.0,1.0
1.0,1.0,39.0,60.0,3600.0,1521.0,0.0,1.0,0.0,0.0,1.0
1.0,2.0,41.5792,25.0,625.0,1728.82987264,0.0,1.0,0.0,0.0,1.0
4.0,1.0,39.6875,14.0,196.0,1575.09765625,0.0,0.0,1.0,0.0,1.0
0.0,0.0,10.1708,19.0,361.0,103.44517264,0.0,0.0,1.0,0.0,1.0
0.0,0.0,7.7958,18.0,324.0,60.77449764,0.0,0.0,1.0,0.0,1.0
0.0,1.0,211.3375,15.0,225.0,44663.53890625,1.0,0.0,0.0,1.0,0.0
1.0,0.0,57.0,31.0,961.0,3249.0,1.0,0.0,0.0,0.0,1.0
0.0,1.0,13.4167,4.0,16.0,180.00783889000002,0.0,0.0,1.0,1.0,0.0
0.0,0.0,56.4958,32.409774,1050.393450731076,3191.7754176400003,0.0,0.0,1.0,0.0,1.0
0.0,0.0,7.225,25.0,625.0,52.200624999999995,0.0,0.0,1.0,0.0,1.0
0.0,0.0,26.55,60.0,3600.0,704.9025,1.0,0.0,0.0,0.0,1.0
0.0,0.0,13.5,52.0,2704.0,182.25,0.0,1.0,0.0,0.0,1.0
0.0,0.0,8.05,44.0,1936.0,64.80250000000001,0.0,0.0,1.0,0.0,1.0
0.0,0.0,7.7333,21.773973,474.1059002047291,59.803928889999995,0.0,0.0,1.0,1.0,0.0
1.0,1.0,110.8833,49.0,2401.0,12295.106218890001,1.0,0.0,0.0,0.0,1.0
0.0,0.0,7.65,42.0,1764.0,58.52250000000001,0.0,0.0,1.0,0.0,1.0
1.0,0.0,227.525,18.0,324.0,51767.625625,1.0,0.0,0.0,1.0,0.0
0.0,0.0,26.2875,35.0,1225.0,691.0326562500001,1.0,0.0,0.0,0.0,1.0
0.0,1.0,14.4542,18.0,324.0,208.92389764,0.0,0.0,1.0,1.0,0.0
0.0,0.0,7.7417,25.0,625.0,59.933918889999994,0.0,0.0,1.0,0.0,1.0
1.0,0.0,7.8542,26.0,676.0,61.688457639999996,0.0,0.0,1.0,0.0,1.0
0.0,0.0,26.0,39.0,1521.0,676.0,0.0,1.0,0.0,0.0,1.0
0.0,0.0,13.5,45.0,2025.0,182.25,0.0,1.0,0.0,1.0,0.0
0.0,0.0,26.2875,42.0,1764.0,691.0326562500001,1.0,0.0,0.0,0.0,1.0
0.0,0.0,151.55,22.0,484.0,22967.402500000004,1.0,0.0,0.0,1.0,0.0
1.0,1.0,15.2458,4.574167,20.923003743889,232.43441763999996,0.0,0.0,1.0,0.0,1.0
0.0,0.0,49.5042,24.0,576.0,2450.6658176399997,1.0,0.0,0.0,1.0,0.0
0.0,0.0,26.55,32.409774,1050.393450731076,704.9025,1.0,0.0,0.0,0.0,1.0
1.0,0.0,52.0,48.0,2304.0,2704.0,1.0,0.0,0.0,0.0,1.0
0.0,0.0,9.4833,29.0,841.0,89.93297889,0.0,0.0,1.0,0.0,1.0
0.0,0.0,13.0,52.0,2704.0,169.0,0.0,1.0,0.0,0.0,1.0
0.0,0.0,7.65,19.0,361.0,58.52250000000001,0.0,0.0,1.0,0.0,1.0
0.0,0.0,227.525,38.0,1444.0,51767.625625,1.0,0.0,0.0,1.0,0.0
0.0,0.0,10.5,27.0,729.0,110.25,0.0,1.0,0.0,1.0,0.0
0.0,0.0,15.5,32.409774,1050.393450731076,240.25,0.0,0.0,1.0,0.0,1.0
0.0,0.0,7.775,33.0,1089.0,60.450625,0.0,0.0,1.0,0.0,1.0
0.0,1.0,33.0,6.0,36.0,1089.0,0.0,1.0,0.0,1.0,0.0
1.0,0.0,7.0542,17.0,289.0,49.76173764,0.0,0.0,1.0,0.0,1.0
0.0,0.0,13.0,34.0,1156.0,169.0,0.0,1.0,0.0,0.0,1.0
0.0,0.0,13.0,50.0,2500.0,169.0,0.0,1.0,0.0,0.0,1.0
1.0,0.0,53.1,27.0,729.0,2819.61,1.0,0.0,0.0,0.0,1.0
0.0,0.0,8.6625,20.0,400.0,75.03890625,0.0,0.0,1.0,0.0,1.0
3.0,0.0,21.0,30.0,900.0,441.0,0.0,1.0,0.0,1.0,0.0
0.0,0.0,7.7375,21.773973,474.1059002047291,59.868906249999995,0.0,0.0,1.0,1.0,0.0
1.0,0.0,26.0,25.0,625.0,676.0,0.0,1.0,0.0,0.0,1.0
1.0,0.0,7.925,25.0,625.0,62.805625,0.0,0.0,1.0,1.0,0.0
0.0,0.0,211.3375,29.0,841.0,44663.53890625,1.0,0.0,0.0,1.0,0.0
0.0,0.0,18.7875,11.0,121.0,352.97015625000006,0.0,0.0,1.0,0.0,1.0
0.0,0.0,0.0,32.409774,1050.393450731076,0.0,0.0,1.0,0.0,0.0,1.0
0.0,0.0,13.0,23.0,529.0,169.0,0.0,1.0,0.0,0.0,1.0
0.0,0.0,13.0,23.0,529.0,169.0,0.0,1.0,0.0,0.0,1.0
0.0,0.0,16.1,28.5,812.25,259.21000000000004,0.0,0.0,1.0,0.0,1.0
1.0,3.0,34.375,48.0,2304.0,1181.640625,0.0,0.0,1.0,1.0,0.0
0.0,0.0,512.3292,35.0,1225.0,262481.20917264,1.0,0.0,0.0,0.0,1.0
0.0,0.0,7.8958,32.409774,1050.393450731076,62.34365764,0.0,0.0,1.0,0.0,1.0
0.0,0.0,7.8958,32.409774,1050.393450731076,62.34365764,0.0,0.0,1.0,0.0,1.0
0.0,0.0,30.0,32.409774,1050.393450731076,900.0,1.0,0.0,0.0,0.0,1.0
1.0,0.0,78.85,36.0,1296.0,6217.322499999999,1.0,0.0,0.0,0.0,1.0
2.0,2.0,262.375,21.0,441.0,68840.640625,1.0,0.0,0.0,1.0,0.0
1.0,0.0,16.1,24.0,576.0,259.21000000000004,0.0,0.0,1.0,0.0,1.0
0.0,0.0,7.925,31.0,961.0,62.805625,0.0,0.0,1.0,0.0,1.0
1.0,1.0,71.0,70.0,4900.0,5041.0,1.0,0.0,0.0,0.0,1.0
1.0,1.0,20.25,16.0,256.0,410.0625,0.0,0.0,1.0,0.0,1.0
0.0,0.0,13.0,30.0,900.0,169.0,0.0,1.0,0.0,1.0,0.0
1.0,0.0,53.1,19.0,361.0,2819.61,1.0,0.0,0.0,0.0,1.0
0.0,0.0,7.75,31.0,961.0,60.0625,0.0,0.0,1.0,0.0,1.0
1.0,1.0,23.0,4.0,16.0,529.0,0.0,1.0,0.0,1.0,0.0
0.0,1.0,12.475,6.0,36.0,155.62562499999999,0.0,0.0,1.0,0.0,1.0
0.0,0.0,9.5,33.0,1089.0,90.25,0.0,0.0,1.0,0.0,1.0
0.0,0.0,7.8958,23.0,529.0,62.34365764,0.0,0.0,1.0,0.0,1.0
1.0,2.0,65.0,48.0,2304.0,4225.0,0.0,1.0,0.0,1.0,0.0
1.0,1.0,14.5,0.67,0.4489000000000001,210.25,0.0,1.0,0.0,0.0,1.0
0.0,0.0,7.7958,28.0,784.0,60.77449764,0.0,0.0,1.0,0.0,1.0
0.0,0.0,11.5,18.0,324.0,132.25,0.0,1.0,0.0,0.0,1.0
0.0,0.0,8.05,34.0,1156.0,64.80250000000001,0.0,0.0,1.0,0.0,1.0
0.0,0.0,86.5,33.0,1089.0,7482.25,1.0,0.0,0.0,1.0,0.0
0.0,0.0,14.5,32.409774,1050.393450731076,210.25,0.0,0.0,1.0,0.0,1.0
0.0,0.0,7.125,41.0,1681.0,50.765625,0.0,0.0,1.0,0.0,1.0
0.0,0.0,7.2292,20.0,400.0,52.26133263999999,0.0,0.0,1.0,0.0,1.0
1.0,2.0,120.0,36.0,1296.0,14400.0,1.0,0.0,0.0,1.0,0.0
0.0,0.0,7.775,16.0,256.0,60.450625,0.0,0.0,1.0,0.0,1.0
1.0,0.0,77.9583,51.0,2601.0,6077.496538889999,1.0,0.0,0.0,1.0,0.0
0.0,0.0,39.6,42.0,1764.0,1568.16,1.0,0.0,0.0,0.0,1.0
0.0,0.0,7.75,30.5,930.25,60.0625,0.0,0.0,1.0,1.0,0.0
1.0,0.0,24.15,32.409774,1050.393450731076,583.2225,0.0,0.0,1.0,0.0,1.0
0.0,0.0,8.3625,32.0,1024.0,69.93140625000001,0.0,0.0,1.0,0.0,1.0
0.0,0.0,9.5,24.0,576.0,90.25,0.0,0.0,1.0,0.0,1.0
0.0,0.0,7.8542,48.0,2304.0,61.688457639999996,0.0,0.0,1.0,0.0,1.0
0.0,0.0,10.5,57.0,3249.0,110.25,0.0,1.0,0.0,1.0,0.0
0.0,0.0,7.225,32.409774,1050.393450731076,52.200624999999995,0.0,0.0,1.0,0.0,1.0
1.0,3.0,23.0,54.0,2916.0,529.0,0.0,1.0,0.0,1.0,0.0
0.0,0.0,7.75,18.0,324.0,60.0625,0.0,0.0,1.0,0.0,1.0
0.0,0.0,7.75,32.409774,1050.393450731076,60.0625,0.0,0.0,1.0,0.0,1.0
0.0,0.0,12.475,5.0,25.0,155.62562499999999,0.0,0.0,1.0,1.0,0.0
0.0,0.0,7.7375,32.409774,1050.393450731076,59.868906249999995,0.0,0.0,1.0,0.0,1.0
0.0,1.0,211.3375,43.0,1849.0,44663.53890625,1.0,0.0,0.0,1.0,0.0
0.0,0.0,7.2292,13.0,169.0,52.26133263999999,0.0,0.0,1.0,1.0,0.0
1.0,0.0,57.0,17.0,289.0,3249.0,1.0,0.0,0.0,1.0,0.0
0.0,0.0,30.0,29.0,841.0,900.0,1.0,0.0,0.0,0.0,1.0
1.0,2.0,23.45,32.409774,1050.393450731076,549.9024999999999,0.0,0.0,1.0,0.0,1.0
0.0,0.0,7.05,25.0,625.0,49.7025,0.0,0.0,1.0,0.0,1.0
0.0,0.0,7.25,25.0,625.0,52.5625,0.0,0.0,1.0,0.0,1.0
0.0,0.0,7.4958,18.0,324.0,56.18701764,0.0,0.0,1.0,1.0,0.0
4.0,1.0,29.125,8.0,64.0,848.265625,0.0,0.0,1.0,0.0,1.0
1.0,2.0,20.575,1.0,1.0,423.330625,0.0,0.0,1.0,0.0,1.0
0.0,0.0,79.2,46.0,2116.0,6272.64,1.0,0.0,0.0,0.0,1.0
0.0,0.0,7.75,32.409774,1050.393450731076,60.0625,0.0,0.0,1.0,0.0,1.0
0.0,0.0,26.0,16.0,256.0,676.0,0.0,1.0,0.0,0.0,1.0
8.0,2.0,69.55,21.773973,474.1059002047291,4837.202499999999,0.0,0.0,1.0,1.0,0.0
0.0,0.0,30.6958,32.409774,1050.393450731076,942.2321376399999,1.0,0.0,0.0,0.0,1.0
0.0,0.0,7.8958,25.0,625.0,62.34365764,0.0,0.0,1.0,0.0,1.0
0.0,0.0,13.0,39.0,1521.0,169.0,0.0,1.0,0.0,0.0,1.0
0.0,0.0,25.9292,49.0,2401.0,672.3234126400001,1.0,0.0,0.0,1.0,0.0
0.0,0.0,8.6833,31.0,961.0,75.39969888999998,0.0,0.0,1.0,1.0,0.0
0.0,0.0,7.2292,30.0,900.0,52.26133263999999,0.0,0.0,1.0,0.0,1.0
1.0,1.0,24.15,30.0,900.0,583.2225,0.0,0.0,1.0,1.0,0.0
0.0,0.0,13.0,34.0,1156.0,169.0,0.0,1.0,0.0,0.0,1.0
1.0,1.0,26.25,31.0,961.0,689.0625,0.0,1.0,0.0,1.0,0.0
1.0,2.0,120.0,11.0,121.0,14400.0,1.0,0.0,0.0,0.0,1.0
0.0,1.0,8.5167,0.42,0.17639999999999997,72.53417889,0.0,0.0,1.0,0.0,1.0
0.0,0.0,6.975,27.0,729.0,48.650625,0.0,0.0,1.0,0.0,1.0
0.0,0.0,7.775,31.0,961.0,60.450625,0.0,0.0,1.0,0.0,1.0
0.0,0.0,0.0,39.0,1521.0,0.0,1.0,0.0,0.0,0.0,1.0
0.0,0.0,7.775,18.0,324.0,60.450625,0.0,0.0,1.0,1.0,0.0
0.0,0.0,13.0,39.0,1521.0,169.0,0.0,1.0,0.0,0.0,1.0
1.0,0.0,53.1,33.0,1089.0,2819.61,1.0,0.0,0.0,1.0,0.0
0.0,0.0,7.8875,26.0,676.0,62.21265625,0.0,0.0,1.0,0.0,1.0
0.0,0.0,24.15,39.0,1521.0,583.2225,0.0,0.0,1.0,0.0,1.0
0.0,0.0,10.5,35.0,1225.0,110.25,0.0,1.0,0.0,0.0,1.0
4.0,2.0,31.275,6.0,36.0,978.1256249999999,0.0,0.0,1.0,1.0,0.0
0.0,0.0,8.05,30.5,930.25,64.80250000000001,0.0,0.0,1.0,0.0,1.0
0.0,0.0,0.0,32.409774,1050.393450731076,0.0,1.0,0.0,0.0,0.0,1.0
0.0,0.0,7.925,23.0,529.0,62.805625,0.0,0.0,1.0,1.0,0.0
1.0,1.0,37.0042,31.0,961.0,1369.3108176399999,0.0,1.0,0.0,0.0,1.0
0.0,0.0,6.45,43.0,1849.0,41.6025,0.0,0.0,1.0,0.0,1.0
3.0,2.0,27.9,10.0,100.0,778.41,0.0,0.0,1.0,0.0,1.0
1.0,1.0,93.5,52.0,2704.0,8742.25,1.0,0.0,0.0,1.0,0.0
0.0,0.0,8.6625,27.0,729.0,75.03890625,0.0,0.0,1.0,0.0,1.0
0.0,0.0,0.0,38.0,1444.0,0.0,1.0,0.0,0.0,0.0,1.0
0.0,1.0,12.475,27.0,729.0,155.62562499999999,0.0,0.0,1.0,1.0,0.0
4.0,1.0,39.6875,2.0,4.0,1575.09765625,0.0,0.0,1.0,0.0,1.0
0.0,0.0,6.95,32.409774,1050.393450731076,48.3025,0.0,0.0,1.0,0.0,1.0
0.0,0.0,56.4958,32.409774,1050.393450731076,3191.7754176400003,0.0,0.0,1.0,0.0,1.0
0.0,2.0,37.0042,1.0,1.0,1369.3108176399999,0.0,1.0,0.0,0.0,1.0
0.0,0.0,7.75,32.409774,1050.393450731076,60.0625,0.0,0.0,1.0,0.0,1.0
0.0,0.0,80.0,62.0,3844.0,6400.0,1.0,0.0,0.0,1.0,0.0
1.0,0.0,14.4542,15.0,225.0,208.92389764,0.0,0.0,1.0,1.0,0.0
1.0,1.0,18.75,0.83,0.6889,351.5625,0.0,1.0,0.0,0.0,1.0
0.0,0.0,7.2292,32.409774,1050.393450731076,52.26133263999999,0.0,0.0,1.0,0.0,1.0
0.0,0.0,7.8542,23.0,529.0,61.688457639999996,0.0,0.0,1.0,0.0,1.0
0.0,0.0,8.3,18.0,324.0,68.89000000000001,0.0,0.0,1.0,0.0,1.0
1.0,1.0,83.1583,39.0,1521.0,6915.30285889,1.0,0.0,0.0,1.0,0.0
0.0,0.0,8.6625,21.0,441.0,75.03890625,0.0,0.0,1.0,0.0,1.0
0.0,0.0,8.05,32.409774,1050.393450731076,64.80250000000001,0.0,0.0,1.0,0.0,1.0
0.0,0.0,56.4958,32.0,1024.0,3191.7754176400003,0.0,0.0,1.0,0.0,1.0
0.0,0.0,29.7,32.409774,1050.393450731076,882.0899999999999,1.0,0.0,0.0,0.0,1.0
0.0,0.0,7.925,20.0,400.0,62.805625,0.0,0.0,1.0,0.0,1.0
0.0,0.0,10.5,16.0,256.0,110.25,0.0,1.0,0.0,0.0,1.0
0.0,0.0,31.0,30.0,900.0,961.0,1.0,0.0,0.0,1.0,0.0
0.0,0.0,6.4375,34.5,1190.25,41.44140625,0.0,0.0,1.0,0.0,1.0
0.0,0.0,8.6625,17.0,289.0,75.03890625,0.0,0.0,1.0,0.0,1.0
0.0,0.0,7.55,42.0,1764.0,57.0025,0.0,0.0,1.0,0.0,1.0
8.0,2.0,69.55,32.409774,1050.393450731076,4837.202499999999,0.0,0.0,1.0,0.0,1.0
0.0,0.0,7.8958,35.0,1225.0,62.34365764,0.0,0.0,1.0,0.0,1.0
0.0,1.0,33.0,28.0,784.0,1089.0,0.0,1.0,0.0,0.0,1.0
1.0,0.0,89.1042,35.9,1288.81,7939.558457640001,1.0,0.0,0.0,1.0,0.0
4.0,2.0,31.275,4.0,16.0,978.1256249999999,0.0,0.0,1.0,0.0,1.0
0.0,0.0,7.775,74.0,5476.0,60.450625,0.0,0.0,1.0,0.0,1.0
1.0,1.0,15.2458,9.0,81.0,232.43441763999996,0.0,0.0,1.0,1.0,0.0
0.0,1.0,39.4,16.0,256.0,1552.36,1.0,0.0,0.0,1.0,0.0
1.0,0.0,26.0,44.0,1936.0,676.0,0.0,1.0,0.0,1.0,0.0
0.0,1.0,9.35,18.0,324.0,87.4225,0.0,0.0,1.0,1.0,0.0
1.0,1.0,164.8667,45.0,2025.0,27181.028768890003,1.0,0.0,0.0,1.0,0.0
0.0,0.0,26.55,51.0,2601.0,704.9025,1.0,0.0,0.0,0.0,1.0
0.0,3.0,19.2583,24.0,576.0,370.88211888999996,0.0,0.0,1.0,1.0,0.0
0.0,0.0,7.2292,32.409774,1050.393450731076,52.26133263999999,0.0,0.0,1.0,0.0,1.0
2.0,0.0,14.1083,41.0,1681.0,199.04412889,0.0,0.0,1.0,0.0,1.0
1.0,0.0,11.5,21.0,441.0,132.25,0.0,1.0,0.0,0.0,1.0
0.0,0.0,25.9292,48.0,2304.0,672.3234126400001,1.0,0.0,0.0,1.0,0.0
8.0,2.0,69.55,21.773973,474.1059002047291,4837.202499999999,0.0,0.0,1.0,1.0,0.0
0.0,0.0,13.0,24.0,576.0,169.0,0.0,1.0,0.0,0.0,1.0
0.0,0.0,13.0,42.0,1764.0,169.0,0.0,1.0,0.0,1.0,0.0
1.0,0.0,13.8583,27.0,729.0,192.05247889,0.0,1.0,0.0,1.0,0.0
0.0,0.0,50.4958,31.0,961.0,2549.8258176400004,1.0,0.0,0.0,0.0,1.0
0.0,0.0,9.5,32.409774,1050.393450731076,90.25,0.0,0.0,1.0,0.0,1.0
1.0,1.0,11.1333,4.0,16.0,123.95036889000001,0.0,0.0,1.0,0.0,1.0
0.0,0.0,7.8958,26.0,676.0,62.34365764,0.0,0.0,1.0,0.0,1.0
1.0,1.0,52.5542,47.0,2209.0,2761.94393764,1.0,0.0,0.0,1.0,0.0
0.0,0.0,5.0,33.0,1089.0,25.0,1.0,0.0,0.0,0.0,1.0
0.0,0.0,9.0,47.0,2209.0,81.0,0.0,0.0,1.0,0.0,1.0
1.0,0.0,24.0,28.0,784.0,576.0,0.0,1.0,0.0,1.0,0.0
0.0,0.0,7.225,15.0,225.0,52.200624999999995,0.0,0.0,1.0,1.0,0.0
0.0,0.0,9.8458,20.0,400.0,96.93977764000002,0.0,0.0,1.0,0.0,1.0
0.0,0.0,7.8958,19.0,361.0,62.34365764,0.0,0.0,1.0,0.0,1.0
0.0,0.0,7.8958,32.409774,1050.393450731076,62.34365764,0.0,0.0,1.0,0.0,1.0
0.0,1.0,83.1583,56.0,3136.0,6915.30285889,1.0,0.0,0.0,1.0,0.0
0.0,1.0,26.0,25.0,625.0,676.0,0.0,1.0,0.0,1.0,0.0
0.0,0.0,7.8958,33.0,1089.0,62.34365764,0.0,0.0,1.0,0.0,1.0
0.0,0.0,10.5167,22.0,484.0,110.60097889000001,0.0,0.0,1.0,1.0,0.0
0.0,0.0,10.5,28.0,784.0,110.25,0.0,1.0,0.0,0.0,1.0
0.0,0.0,7.05,25.0,625.0,49.7025,0.0,0.0,1.0,0.0,1.0
0.0,5.0,29.125,39.0,1521.0,848.265625,0.0,0.0,1.0,1.0,0.0
0.0,0.0,13.0,27.0,729.0,169.0,0.0,1.0,0.0,0.0,1.0
0.0,0.0,30.0,19.0,361.0,900.0,1.0,0.0,0.0,1.0,0.0
1.0,2.0,23.45,21.773973,474.1059002047291,549.9024999999999,0.0,0.0,1.0,1.0,0.0
0.0,0.0,30.0,26.0,676.0,900.0,1.0,0.0,0.0,0.0,1.0
0.0,0.0,7.75,32.0,1024.0,60.0625,0.0,0.0,1.0,0.0,1.0
